darija,eng,darija_ar
darori nl9a 7olol l had lmachakil kamla,it's necessary that I find solutions to all these problems,داروري نلقا حولول ل هاد لماشاكيل كاملا
darori n3ewldek 3la li fat,it's necessary that I tell you about the past,داروري نعودك علا لي فات
darori n wtted l3ala9at diali flkhdma,it's necessary that I strengthen my relationships at work,داروري ن وتّد لعالاقات ديالي فلخدما
darori nwedder chi 7aja,it's necessary that I lose something,داروري نودّر شي حاجا
darori n3zel lih chi cadeau zwin,it's necessary that I choose him a nice gift,داروري نعزل ليه شي كادو زوين
machi darore nberre lik rasse,it's not necessary that I get him a head,ماشي دارور نبرّ ليك راسّ
darori nghlad chwia,I must gain some weigh,داروري نغلاد شويا
darori nwelli nakoul mzyan,I must start eating well,داروري نولّي ناكول مزيان
darori nbda ndir sport,I must start doing sports,داروري نبدا ندير سپورت
darori n wsse3 khatri,I must become open minded,داروري ن وسّع خاتري
darori n drdech m3ak chwia,I must chat with you,داروري ن دردش نعاك شويا
darori n rkeb f chi taxi,I must get on a taxi,داروري ن ركب ف باد تاشي
darori nl9a chi khdma jdida,I must find a new job,داروري نلقا شي خدما جديدا
darori nl9a chi hiwaya, I must find a hobby ,داروري نلقا شي هيواي
darori n sedd lbab 9bl man3ss,I must close the door before sleeping,داروري ن سدّ لباب قبل مانعسّ
darori n 3awd nfkkr f had l3ard,I must think again about this offer,داروري ن عاود نفكّر ف هاد لعارد
darori nmss7 lmrayat dial dar,I must wipe the mirror at home,داروري نمسّح لمرايات ديال دار
darori n sowwer lik lyawmyat diali,I must record my daily life for you,داروري ن سووّر ليك لياوميات ديالي
darori n hrss had zaja,I must break this glass,داروري ن هرسّ هاد زاجا
darori ntna9al mn mdina l mdina,I must move from one city to an other,داروري نتبقل من مدينا ل مدينا
darori n bloki nass li ma3ndich m3ahoum,I must block people that I don't like,داروري ن بلوكي ناسّ لي ماعنديش معاهوم
darori n 3iyyen chi wa7d f blasstk,I must appoint someone else to replace you,داروري ن عييّن شي واحد ف بلاسّتك
darori n stfser 3la rassi,I must inquire about my self,داروري ن ستفسر علا راسّ
darori n 9tel had l7acharat,I must kill these insects,داروري ن قتل هاد لحاشارات
darori n dowwer 3la had l ar9am,I must circle these numbers,داروري ن دووّر علا هاد ل أرقام
darori n tna9ch m3ak,I must debate with you,داروري ن تناقش معاك
darori n towwer lmawahib diali,I must developp my skills,داروري ن تووّر لماواهيب ديالي
darori n zyyen salon chwi,I must redesign the salon,داروري ن زيّن سالون شوي
darori n staghell had lforssa,I must seaze this opportunity,داروري ن ستاغلّ هاد لفورسّا
darori n 9ra had darss,I must study this course,داروري ن قرا هاد دارسّ
darori n wejed chi 7aja nakolha,I must prepare something to eat,داروري ن خربق شي حاجا ناكولها
darori n khroj tkhn9t,I must go out I am suffocating,داروري ن خروج تخنقت
darori n dafa3 3lik,I must defend you,داروري ن دافع عليك
darori ndir lghawss,I must go diving,داروري ندير لغاوسّ
darori n chark f had l programme,I must participate in this program,داروري ن شتارك ف هاد ل پروڭرامّ
darori n 3llemek had tari9a,I must teach you this method,داروري ن علّمك هاد تاريقا
darori n tla9 lma ydouz,I must let water flow,داروري ن تلاق لما يدوز
darori ngheddik berra,I must take you out for lunch,داروري نغدّيك برّا
darori n chowwech 3lihoum chwia,I must disturb them a little bit,داروري ن شووّش عليهوم شويا
darori n tsellel binathoum,I need to sneak between them,داروري ن تسلّل بيناتهوم
darori n 7ot no9at 3la l7orof,I must dot the is ,داروري ن حوت نوقات علا لحوروف
darori n mse7 had chrjem,I must wipe this window,داروري ن مسح هاد شرجم
darori n raja3 l mti7an diali,I need to study for my exam,داروري ن راجع ل متيحان ديالي
darori n nsayeb l3cha,I need to prepare dinner ,داروري ن نسب لعشا
darori n mse7 had tria,I need to clean this ,داروري ن مسح هاد تريا
darori n sken f had lblassa fach nkbr,I need to live in this place when I get older,داروري ن سكن ف هاد لبلاسّا فاش نكبر
darori n ms7 had tlfaza,I need to clean this TV,داروري ن مسح هاد تلفازا
darori nmchi nt3alj,I need to treat myself,داروري نمشي نتعالج
darori n ms7 had tiliphone,I need to wipe this phone,داروري ن مسح هاد تيليپهون
darori n ma7 had tablette,I need to wipe this tablet,داروري ن ماح هاد تابلتّ
darori n rtteb ch3ri,I have to straighten my hair,داروري ن رتّب شعري
darori nchri msemmen.,I have to buy msemmen,داروري نشري مسمّن.
darori n stoki lkhodra, I have to stock the vegetables,داروري ن ستوكي لخودرا
darori n wdde3koum 9bl manmchi, I have to say good bye to you before I go,داروري ن ودّعكوم قبل مانمشي
darori n ms7 had tabla,I have to wipe this table,داروري ن مسح هاد تابلا
darori n tchbbet b lmabadi2 diali, I have to stick to my principles,داروري ن تشبّت ب لماباديء ديالي
darori nji nchoufek,I have to come see you,داروري نجي نشوفك
darori n wgf f had lma7atta, I have to stop in this station,داروري ن وڭف ف هاد لماحاتّا
darori n khwi dar, I have to leave the house,داروري ن خوي دار
darori n t7emmel had so3obat, I have to endur these difficult times,داروري ن تحمّل هاد سوعوبات
darori nsm3 l mosi9a, I have to listen to music,داروري نسمع ل موسيقا
darori nchouf no9at diali, I have to see my grades,داروري نشويف نوقات ديالي
darori n rje3 l darna bkri, I have to go back home early,داروري ن رجع ل دارنا بكري
darori n ms7 lja2iza diali, I have to clean my prize,داروري ن مسح لجاإزا ديالي
darori n bllegh big lbouliss, I have to denounce you to the police,داروري ن بلّغ بيڭ لبوليسّ
darori n tfi dwaw 9bl mankhrj, I have to turn the lights off before going out,داروري ن تفي دواو قبل مانخرج
darori n ryye7 chwia, I have to sit down a little bit,داروري ن ريّح شويا
darori nched hadouk li ghecchou, I have to catch the cheaters,داروري نشد هادوك لي غكشو
darori n 9chcher had sbagha,I have to scrap this paint,داروري ن قشّر هاد سباغا
yak kenti na3ss 3lach katkdeb., weren't you sleeping why are you lying,ياك كنتي ناعسّ علاش كاتكدب.
yak kenti kharj 3lach katkdeb.,weren't you going out why are you lying,ياك كنتي خارج علاش كاتكدب.
yak kenti msafer 3lach katkdeb.,,ياك كنتي مسافر علاش كاتكدب.
yak kenti m3a 3a2iltek 3lach katkdeb.,,ياك كنتي معا عاإلتك علاش كاتكدب.
yak kenti f zn9a 3lach katkdeb.,,ياك كنتي ف زنقا علاش كاتكدب.
yak kenti m3yed 3lach katkdeb.,,ياك كنتي معيد علاش كاتكدب.
yak kenti f l9issm 3lach katkdeb.,,ياك كنتي ف لقيسّم علاش كاتكدب.
yak kenti f charika 3lach katkdeb.,,ياك كنتي ف شاريكا علاش كاتكدب.
yak kenti m3a babak 3lach katkdeb.,,ياك كنتي معا باباك علاش كاتكدب.
yak kenti fl7anout 3lach katkdeb.,,ياك كنتي فلحانوت علاش كاتكدب.
yak kenti f l7ammam 3lach katkdeb.,,ياك كنتي ف لحامّام علاش كاتكدب.
yak kenti flmo9ata3a 3lach katkdeb.,,ياك كنتي فلموقاتاعا علاش كاتكدب.
yak kenti f la salle 3lach katkdeb.,,ياك كنتي ف لا سالّ علاش كاتكدب.
yak kenti mkhebbi 3lach katkdeb.,,ياك كنتي مخبّي علاش كاتكدب.
yak kenti flmousaba9a 3lach katkdeb.,,ياك كنتي فلموساباقا علاش كاتكدب.
yak kenti khasrti 3lach katkdeb.,,ياك كنتي خاسرتي علاش كاتكدب.
yak kenti rb7ti 3lach katkdeb.,,ياك كنتي ربحتي علاش كاتكدب.
yak kenti katsbegh 3lach katkdeb.,,ياك كنتي كاتسبغ علاش كاتكدب.
yak kenti nj7ti 3lach katkdeb.,,ياك كنتي نجحتي علاش كاتكدب.
yak kenti s9etti 3lach katkdeb.,,ياك كنتي سقتّي علاش كاتكدب.
yak kenti tsellefti 3lach katkdeb.,,ياك كنتي تسلّفتي علاش كاتكدب.
yak kenti katbni 3lach katkdeb.,,ياك كنتي كاتبني علاش كاتكدب.
yak kenti m3ahoum 3lach katkdeb.,,ياك كنتي معاهوم علاش كاتكدب.
yak kenti m3aya 3lach katkdeb.,,ياك كنتي معايا علاش كاتكدب.
yak kenti m3ana 3lach katkdeb.,,ياك كنتي معانا علاش كاتكدب.
maymkench n tbadel m3ak had l7wayj,,مايمكنش ن تبادل معاك هاد لحوايج
maymkench n t7emmel ga3 had lmes2ouliya,,مايمكنش ن تحمّل ڭاع هاد لمسأولييا
maymkench n taared dak chffar,,مايمكنش ن تارد داك شفّار
maymkench n stehlek ga3 had lmakla,,مايمكنش ن ستهلك ڭاع هاد لماكلا
maymkench n 5chi hadchi kmale fjibi,,مايمكنش ن خشي هادشي كمال فجيبي
maymkench n tsennak tal had lwe9t,,مايمكنش ن تسنّاك تال هاد لوقت
maymkench n ndouz men had ljbel li kinjaref dima,,مايمكنش ن ندوز من هاد لجبل لي كينجارف ديما
maymkench n bddel 7wayji,,مايمكنش ن بدّل حوايجي
maymkench n stestlem ou ana wselt tal hna,,مايمكنش ن ستستلم و أنا وسلت تال هنا
maymkench n ziyyerek,,مايمكنش ن زييّرك
maymkench n 9elles lflouss li 5sssertthoum,,مايمكنش ن قلّس لفلوسّ لي خسّسرتّهوم
maymkench n miyeez bhad l2alwan,,مايمكنش ن ميييز بهاد لألوان
maymkench n 3len 3la had l5bar,,مايمكنش ن علن علا هاد لخبار
maymkench n saale7 binek ou binou,,مايمكنش ن سالح بينك و بينو
maymkench n dir had lmechro3,,مايمكنش ن دير هاد لمشروع
maymkench n nsse9 mabinathom had l2adwar,,مايمكنش ن نسّق مابيناتهوم هاد لأدوار
maymkench n dreb ne3ssa b7al hadi,,مايمكنش ن درب نعسّا بحال هادي
maymkench n l3en chi 7edd,,مايمكنش ن لعن شي حدّ
maymkench n teyyeb dik lmakla,,مايمكنش ن تيّب ديك لماكلا
maymkench n twi douk l7wayj,,مايمكنش ن توي دوك لحوايج
maymkench n tnazel 3la dak l9arar,,مايمكنش ن تنازل علا داك لقارار
maymkench n jdded had lcontra,,مايمكنش ن جدّد هاد لكونترا
maymkench n si5 chi jomal wa3rin b7al hadou,,مايمكنش ن سيخ شي جومال واعرين بحال هادو
maymkench n 5ellet had lou5at,,مايمكنش ن خلّت هاد لوخات
maymkench n 3oum fblassa mafihach l7edd,,مايمكنش ن عوم فبلاسّا مافيهاش لحدّ
maymkench n serf9ek,,مايمكنش ن سرفقك
maymkench n wjjeh lik chi rissala,,مايمكنش ن وجّه ليك شي ريسّالا
maymkench n rkkez 3la chi 7aja men ghir 9rayti,,مايمكنش ن ركّز علا شي حاجا من غير قرايتي
maymkench n tsahe had lbotola,,مايمكنش ن تساه هاد لبوتولا
maymkench n nezzel taman tal had daraja,,مايمكنش ن نزّل تامان تال هاد داراجا
maymkench n rezervi bit fahd l2otel,,مايمكنش ن رزرڤي بيت فاهد لأتل
maymkench n st9bel douk dyaf msian,,مايمكنش ن ستقبل دوك دياف مسيان
maymkench n ttowwer ana bo7di men had lblad,,مايمكنش ن التووّر أنا بوحدي من هاد لبلاد
maymkench n r3a had l7aywanat kamlin bo7di,,مايمكنش ن رعا هاد لحايوانات كاملين بوحدي
maymkench n 3ewej tri9 b7aloka,,مايمكنش ن عوج تريق بحالوكا
maymkench n 5essess lik w9ita rani 3amer,,مايمكنش ن خسّسّ ليك وقيتا راني عامر
maymkench n chref 3la chi mechro3 ma3aref ga3 kifach 5aykoun,,مايمكنش ن شرف علا شي مشروع ماعارف ڭاع كيفاش خايكون
maymkench n lachi 5demti,,مايمكنش ن لاشي خدمتي
maymkench n d3em chi machari3 s5ar madamench yrej3o liya rib7,,مايمكنش ن دعم شي ماشاريع سخار مادامنش يرجعو لييا ريبح
maymkench n 2edden bihom,,مايمكنش ن ءدّن بيهوم
maymkench n kteb lik chi wer9a dial credit,,مايمكنش ن كتب ليك شي ورقا ديال كرديت
maymkench n kmmel bihom sayg tal jbal,,مايمكنش ن كمّل بيهوم سايڭ تال جبال
maymkench n 3a9bek,,مايمكنش ن عاقبك
maymkench n frg3 chi bota f3aychoura,,مايمكنش ن فرڭع شي بوتا فعايشورا
maymkench n st3red lmaharat diali 9ddamek,,مايمكنش ن ستعرد لماهارات ديالي قدّامك
maymkench n 9ellel men 7tirami lik,,مايمكنش ن قلّل من حتيرامي ليك
maymkench n sed lma7al fdik lw9ita,,مايمكنش ن سد لماحال فديك لوقيتا
maymkench n n99ez de5ya ou nerbe7 zbalt lflouss,,مايمكنش ن نقّز دخيا و نربح زبالت لفلوسّ
maymkench n lwa men jou3 rani s7i7,,مايمكنش ن لوا من جوع راني سحيح
maymkench n tfahem m3a chi hamaji b7alou,,مايمكنش ن تفاهم معا شي هاماجي بحالو
maymkench n ryeb dik dar,,مايمكنش ن ريب ديك دار
maymkench n 7ami 3lih rah kber menni,,مايمكنش ن حامي عليه راه كبر منّي
maymkench n mne3ou ydir ma b5a,,مايمكنش ن منعو يدير ما بخا
maymkench n 5owwet 3la wlad nass,,مايمكنش ن خووّت علا ولاد ناسّ
maymkench n 9ad chi maw3id ou nsah,,مايمكنش ن قاد شي ماوعيد و نساه
maymkench n mse7 tabla bzif mermed b7al hada,,مايمكنش ن مسح تابلا بزيف مرمد بحال هادا
maymkench n 799e9 chi injaz b7aloka ou man3ya9ch bih,,مايمكنش ن 799e9 شي إنجاز بحالوكا و مانعياقش بيه
maymkench n kreh chi lou5a kter men hadi,,مايمكنش ن كره شي لوخا كتر من هادي
maymkench n mli 3lik had ljomal,,مايمكنش ن ملي عليك هاد لجومال
maymkench n w77ed lma9am fhad temrin,,مايمكنش ن وحّد لماقام فهاد تمرين
maymkench n stowred had lprodwiyat men sbenya ra l7odod mesdouda,,مايمكنش ن ستوورد هاد لپرودوييات من سبنيا را لحودود مسدودا
maymkench n tbnna chi wliyed kbir,,مايمكنش ن تبنّا شي ولييد كبير
maymkench n ntzewej mra fayt liha walda,,مايمكنش ن نتزوج مرا فايت ليها والدا
maymkench n nta9ed chi 7edd,,مايمكنش ن نتاقد شي حدّ
maymkench n 5elli 3lik,,مايمكنش ن خلّي عليك
maymkench n herreb sel3a men diwana,,مايمكنش ن هرّب سلعا من ديوانا
maymkench n bda ftberhich diali m3ak,,مايمكنش ن بدا فتبرهيش ديالي معاك
maymkench n mde7 5demtek,,مايمكنش ن مدح خدمتك
maymkench n blassi tonobil fhad lblassa,,مايمكنش ن بلاسّي تونوبيل فهاد لبلاسّا
maymkench n miyyez bin hadchi li kadir,,مايمكنش ن مييّز بين هادشي لي كادير
maymkench n tbe3 dkchi li kattgou;,,مايمكنش ن تبع دكشي لي كاتّڭو;
maymkench n towwe9 had lblassa raha kolha jara2im,,مايمكنش ن تووّق هاد لبلاسّا راها كولها جاراإم
maymkench n 9aabel chi le3ab kbir,,مايمكنش ن قابل شي لعاب كبير
maymkench n lowwen had lwer9a,,مايمكنش ن لووّن هاد لورقا
maymkench n 5aamer b7yat 3a2ilti,,مايمكنش ن خامر بحيات عاإلتي
maymkench n 9edder 5edmat 3omal naddafa ghir li mjerebha,,مايمكنش ن قدّر خدمات عومال نادّافا غير لي مجربها
maymkench n 5ader lblad,,مايمكنش ن خادر لبلاد
maymkench n 9aate3ek,,مايمكنش ن قاتعك
maymkench n mowweh lik,,مايمكنش ن مووّه ليك
maymkench n tawa m3ak b7aloka,,مايمكنش ن تاوا معاك بحالوكا
maymkench n t9abe7 m3ak kter men l9yass,,مايمكنش ن تقابح معاك كتر من لقياسّ
maymkench n nemmi men had lmechrou3,,مايمكنش ن نمّي من هاد لمشروع
maymkench n 3awed dar kamla ra mizzaniya,,مايمكنش ن عاود دار كاملا را ميزّانييا
maymkench n n7arf ou ndeye3 ga3 mejhoudat walidiya,,مايمكنش ن نحارف و نديع ڭاع مجهودات واليدييا
maymkench n 9li dak l7out fdari,,مايمكنش ن قلي داك لحوت فداري
maymkench n 2amer chi wa7ed ydir chi 7aja howa mabaghihach,,مايمكنش ن أمر شي واحد يدير شي حاجا هووا ماباغيهاش
maymkench n 9ad dak lvidyo rah kitbloka,,مايمكنش ن قاد داك لڤيديو راه كيتبلوكا
maymkench n jmme3 bezzaf dial lflouss,,مايمكنش ن جمّع بزّاف ديال لفلوسّ
maymkench n srre3 had l7elwa ma3endich m3aha,,مايمكنش ن سرّع هاد لحلوا ماعنديش معاها
maymkench n tsower fhad lblassa,,مايمكنش ن تسوور فهاد لبلاسّا
maymkench n henn2ek fhad l3id,,مايمكنش ن هنّءك فهاد لعيد
maymkench n staredd 7e99i,,مايمكنش ن ستاردّ حقّي
maymkench n hbet men dak salloum,,مايمكنش ن هبت من داك سالّوم
maymkench n wggef fhad lblassa ra 5anti7,,مايمكنش ن وڭّف فهاد لبلاسّا را خانتيح
maymkench n jerreb had lbrika t9der tsde9 chawya seb3i,,مايمكنش ن جرّب هاد لبريكا تقدر تسدق شاويا سبعي
maymkench n 5le3 chi dri sghir 7it y9der ybki,,مايمكنش ن خلع شي دري سغير حيت يقدر يبكي
maymkench n 9oulbek,,مايمكنش ن قولبك
maymkench n dir likilham kbir f7yatek,,مايمكنش ن دير ليكيلهام كبير فحياتك
maymkench n chaafik bhad sour3a,,مايمكنش ن شافيك بهاد سورعا
maymkench n dbet had lmochkil ou nl9a lih 7ell de5ya,,مايمكنش ن دبت هاد لموشكيل و نلقا ليه حلّ دخيا
maymkench n kemmel had l5edma bla bik,,مايمكنش ن كمّل هاد لخدما بلا بيك
maymkench n 3del ma binat had zouj moujrimin,,مايمكنش ن عدل ما بينات هاد زوج موجريمين
maymkench n 5dech dik lbaliza,,مايمكنش ن خدش ديك لباليزا
maymkench n chri had lferfara,,مايمكنش ن شري هاد لفرفارا
maymkench n wtted l3ala9a diali m3ak,,مايمكنش ن وتّد لعالاقا ديالي معاك
maymkench n dewer rassi b7aloka rah kiderni,,مايمكنش ن دور راسّي بحالوكا راه كيدرني
maymkench n 3zelek nta bo7dek darori te7der,,مايمكنش ن عزلك نتا بوحدك داروري تحدر
maymkench n berrer lik l5alat li dert,,مايمكنش ن برّر ليك لخالات لي درت
maymkench n d33ef rassi,,مايمكنش ن دعّف راسّي
maymkench n 3oum felberd,,مايمكنش ن عوم فلبرد
maymkench n b5ik dir chi 7aja 5ayb frassek,,مايمكنش ن بخيك دير شي حاجا خايب فراسّك
maymkench twsse3 jibek,,مايمكنش توسّع جيبك
maymkench n dwi m3ak bhad tari9a,,مايمكنش ن دوي معاك بهاد تاريقا
maymkench n rkeb chi tonobil makan3refhach,,مايمكنش ن ركب شي تونوبيل ماكانعرفهاش
maymkench n 5tare3 chi 7aja makynach,,مايمكنش ن ختارع شي حاجا ماكيناش
maymkench n sne3 chi 7aja herbana,,مايمكنش ن سنع شي حاجا هربانا
maymkench n sedd dak lbab 3la dayf,,مايمكنش ن سدّ داك لباب علا دايف
maymkench n fekker men dik na7iya,,مايمكنش ن فكّر من ديك ناحييا
maymkench n mess lik lkarama dialek,,مايمكنش ن مسّ ليك لكاراما ديالك
maymkench n sowwerek ou nta mabaghich,,مايمكنش ن سووّرك و نتا ماباغيش
maymkench n frche5 lik tonobiltek,,مايمكنش ن فرشخ ليك تونوبيلتك
maymkench n n9el had lklam,,مايمكنش ن نقل هاد لكلام
maymkench n blokik,,مايمكنش ن بلوكيك
maymkench n 3iyyenek,,مايمكنش ن عييّنك
maymkench n stfser 3la chi 7aja b7al hadi,,مايمكنش ن ستفسر علا شي حاجا بحال هادي
maymkench n ndir lik chi fa55 b7al hada,,مايمكنش ن ندير ليك شي فاخّ بحال هادا
maymkench n dowwer rassi tess3in daraja,,مايمكنش ن دووّر راسّي تسّعين داراجا
maymkench n tna9ch m3ak ou nta kat5ewwet,,مايمكنش ن تناقش معاك و نتا كاتخوّت
maymkench n towwer lik men 7yatek u nta mabaghich,,مايمكنش ن تووّر ليك من حياتك و نتا ماباغيش
maymkench n zyyen lik l7aat ou nta mekta2eb,,مايمكنش ن زيّن ليك لحات و نتا مكتاءب
maymkench n sta5ell chi weld sghir,,مايمكنش ن ستاخلّ شي ولد سغير
maymkench n wret fchi wert machi diali,,مايمكنش ن ورت فشي ورت ماشي ديالي
ra machi msian tb9aw t2e5rou felwert,,را ماشي مسيان تبقاو تءخرو فلورت
maymkench n 5ne9 dak siyed,,مايمكنش ن خنق داك سييد
maymkench n daafe3 3lik rak kberti,,مايمكنش ن دافع عليك راك كبرتي
maymkench n 5mmes fhad tajine rah s5oun,,مايمكنش ن خمّس فهاد تاجين راه سخون
maymkench n charek fhad lmosaba9a,,مايمكنش ن شارك فهاد لموساباقا
maymkench n 3llemek chi 7aja nta mabaghihach,,مايمكنش ن علّمك شي حاجا نتا ماباغيهاش
maymkench n tla9 dak lkelb bo7do,,مايمكنش ن تلاق داك لكلب بوحدو
maymkench n t3enneb 3la driyat,,مايمكنش ن تعنّب علا درييات
maymkench n chowwech 3lik,,مايمكنش ن شووّش عليك
maymkench n tsellel tal had lblassa,,مايمكنش ن تسلّل تال هاد لبلاسّا
maymkench n 7rref dak lktab,,مايمكنش ن حرّف داك لكتاب
maymkench n mzej douk zouj wesfat,,مايمكنش ن مزج دوك زوج وسفات
maymkench n raaje3 m3ak,,مايمكنش ن راجع معاك
maymkench n nseb hadchi l5ayb li dert lwa7ed 5or,,مايمكنش ن نسب هادشي لخايب لي درت لواحد خور
maymkench n t3esseb 3la chi wa7ed makan3erfouch,,مايمكنش ن تعسّب علا شي واحد ماكانعرفوش
maymkench n sken fhad denya li skayriya,,مايمكنش ن سكن فهاد دنيا لي سكايرييا
maymkench n 5ffef men chrab li kancherbvou,,مايمكنش ن خفّف من شراب لي كانشربڤو
maymkench n 3alejek,,مايمكنش ن عالجك
maymkench n rched fik,,مايمكنش ن رشد فيك
maymkench n serreb chi mti7an,,مايمكنش ن سرّب شي متيحان
maymkench n rtteb lbechra diali,,مايمكنش ن رتّب لبشرا ديالي
maymkench n chiyyer 3lik bchi 7ejra,,مايمكنش ن شييّر عليك بشي حجرا
maymkench n stoki djaj 3endi ra ki5ennez,,مايمكنش ن ستوكي دجاج عندي را كيخنّز
maymkench n wde3 douk lcadowat lhiha,,مايمكنش ن ودع دوك لكادووات لهيها
maymkench n n5aret fchi jam3iya b7al hadi,,مايمكنش ن نخارت فشي جامعييا بحال هادي
maymkench n tchbbet bdini,,مايمكنش ن تشبّت بديني
maymkench n sted3i chi wa7ed ldari bach ndareb m3ah,,مايمكنش ن ستدعي شي واحد لداري باش ندارب معاه
maymkench n wgefek 3end 7eddek,,مايمكنش ن وڭفك عند حدّك
maymkench n 5wi bik,,مايمكنش ن خوي بيك
maymkench n t7emmel ga3 had l2alam,,مايمكنش ن تحمّل ڭاع هاد لألام
maymkench n sme3 lchi wa7ed men ghir walidiya,,مايمكنش ن سمع لشي واحد من غير واليدييا
maymkench n 7sseb had lmti7an,,مايمكنش ن حسّب هاد لمتيحان
maymkench n rje3 men sfer daba,,مايمكنش ن رجع من سفر دابا
maymkench n di chi ja2iza kbira b7al hadi,,مايمكنش ن دي شي جاإزا كبيرا بحال هادي
maymkench n belle5 lboliss bhadchi li w9e3,,مايمكنش ن بلّخ لبوليسّ بهادشي لي وقع
maymkench n tfi tilifouni oula 5aychekou fiya lboliss,,مايمكنش ن تفي تيليفوني ولا خايشكو فييا لبوليسّ
maymkench n ryye7 fdak lkorssi,,مايمكنش ن ريّح فداك لكورسّي
maymkench n 5ech ghir hakak kankoun m9eferha,,مايمكنش ن خش غير هاكاك كانكون مقفرها
maymkench n 9chche bezzaf dial teffa7 fde99a.,,مايمكنش ن قشّ بزّاف ديال تفّاح فدقّا.
m3art wach ybghi ywdde7 liya l9arar kili 5da,,معارت واش يبغي يودّح لييا لقارار كيلي خدا
m3art wach ybghi yn9el men 3endi fhad lmti7an,,معارت واش يبغي ينقل من عندي فهاد لمتيحان
m3art wach ybghi ymchi l5aba ou jit chellalat,,معارت واش يبغي يمشي لخابا و جيت شلّالات
m3art wach ybghi therres lih idih oula rjlih,,معارت واش يبغي تهرّس ليه إديه ولا رجليه
m3art wach y9der y9bet dak lktab li 5anlou7ou ih,,معارت واش يقدر يقبت داك لكتاب لي خانلوحو إه
m3art wach ybghi 3zzez liya ou ymotivini,,معارت واش يبغي عزّز لييا و يموتيڤيني
m3art wach ybghi 7owwel liya dak sdari lbit la5or,,معارت واش يبغي حووّل لييا داك سداري لبيت لاخور
m3art wach yfhem had lou5a,,معارت واش يفهم هاد لوخا
m3art wach ybghi y5eddem had lmakina,,معارت واش يبغي يخدّم هاد لماكينا
m3art wach ybghi y5ader lblad,,معارت واش يبغي يخادر لبلاد
m3art wach ybghi yraafe9 weldou ljame3,,معارت واش يبغي يرافق ولدو لجامع
m3art wach ybghi ymowwel lik dik kl9ehwa li 5ayybniha,,معارت واش يبغي يمووّل ليك ديك كلقهوا لي خايّبنيها
m3art wach ybghi yjme3 7ewayjou bo7do,,معارت واش يبغي يجمع حوايجو بوحدو
m3art wach ybghi s77e7 douk lwra9i bhad taman,,معارت واش يبغي سحّح دوك لوراقي بهاد تامان
m3art wach ybghi ytb77er fhad lb7er,,معارت واش يبغي يتبحّر فهاد لبحر
m3art wach ybghi y3owwed had lwe9t li dey3o hna,,معارت واش يبغي يعووّد هاد لوقت لي ديعو هنا
m3art wach ybghi ychfer bach yrbe7 chi fliyssat,,معارت واش يبغي يشفر باش يربح شي فلييسّات
m3art wach ybghi y3red 3liya,,معارت واش يبغي يعرد علييا
m3art wach ybghi ymedded men dik lcontra wa5a lmachakil li binatna,,معارت واش يبغي يمدّد من ديك لكونترا واخا لماشاكيل لي بيناتنا
m3art wach ybghi y3red liya,,معارت واش يبغي يعرد لييا
m3art wach ybghi y7edded chi maw3id mo7addad,,معارت واش يبغي يحدّد شي ماوعيد موحادّاد
m3art wach ybghi yzreb bach n5erjou de5ya,,معارت واش يبغي يزرب باش نخرجو دخيا
m3art wach ybghi nechrou douk l7wayj fo9 fouk l7boula,,معارت واش يبغي نشرو دوك لحوايج فوق فوك لحبولا
m3art wach ybghi y9adi dak cheklat bo7do,,معارت واش يبغي يقادي داك شكلات بوحدو
m3art wach ybghi chi ne9ta wa3ra b7al hadi,,معارت واش يبغي شي نقتا واعرا بحال هادي
m3art wach ybghiw ydawiw bahom,,معارت واش يبغيو يداويو باهوم
m3art wach ybghiw ydawiw mhom,,معارت واش يبغيو يداويو مهوم
m3art wach ybghi yb9a yfeker felmachakil,,معارت واش يبغي يبقا يفكر فلماشاكيل
m3art wach ybghi yrfed had l3rada,,معارت واش يبغي يرفد هاد لعرادا
m3art wach ybghi yle5ess liya dik l9issa,,معارت واش يبغي يلخسّ لييا ديك لقيسّا
m3art wach ybghi yseweb dik tonobil,,معارت واش يبغي يسوب ديك تونوبيل
m3art wach 3endou flouss bach yseweb tonobilto,,معارت واش عندو فلوسّ باش يسوب تونوبيلتو
m3art wach ybghi y3elle9 dak jaketo lhiha,,معارت واش يبغي يعلّق داك جاكتو لهيها
m3art wach ybghi yzreb oula la,,معارت واش يبغي يزرب ولا لا
m3art wach ybghi ychri lavabo jdid,,معارت واش يبغي يشري لاڤابو جديد
m3art wach ybghi ntaz3 7e99i menha,,معارت واش يبغي نتازع حقّي منها
m3art wach ybghi tkalma chwiya,,معارت واش يبغي تكالما شوييا
m3art wach ybghi y7tejj 3lina oula la,,معارت واش يبغي يحتجّ علينا ولا لا
m3art wach ybghi ywaazen ma bin le3b ou de7k,,معارت واش يبغي يوازن ما بين لعب و دحك
m3art wach ybghi yetlebni oula la,,معارت واش يبغي يتلبني ولا لا
m3art wach ybghi ytebbetou oula la,,معارت واش يبغي يتبّتو ولا لا
m3art wach ybghi ye3ti avance oula la,,معارت واش يبغي يعتي أڤانس ولا لا
m3art wach ybghi yche33el l3afya oula la,,معارت واش يبغي يشعّل لعافيا ولا لا
m3art wach ybghiw y3awnouk oula la,,معارت واش يبغيو يعاونوك ولا لا
m3art wach ybghi tdffeg l7lib 3la douk l7wayj,,معارت واش يبغي تدفّڭ لحليب علا دوك لحوايج
m3art wach ybghi yjerrni m3ah,,معارت واش يبغي يجرّني معاه
m3art wach ybghi ydir te7lila dial dem,,معارت واش يبغي يدير تحليلا ديال دم
m3art wach ybghi ydouz fdak lbernamej,,معارت واش يبغي يدوز فداك لبرنامج
m3art wach ybghi ydouz men dik tri9,,معارت واش يبغي يدوز من ديك تريق
m3art wach ybghi yerta7 oula la,,معارت واش يبغي يرتاح ولا لا
m3art wach ybghi yddabz m3ah,,معارت واش يبغي يدّابز معاه
m3art wach ybghi ndamj fhad lfer9a,,معارت واش يبغي ندامج فهاد لفرقا
m3art wach ybghi ytafe9 m3ana oula la,,معارت واش يبغي يتافق معانا ولا لا
m3art wach ybghi yttasel bina oula la,,معارت واش يبغي يتّاسل بينا ولا لا
m3art wach ybghi y5iyyer rassou 3la 9bel chi mra,,معارت واش يبغي يخييّر راسّو علا قبل شي مرا
m3art wach ybghi ye5tar chi touni zwin,,معارت واش يبغي يختار شي توني زوين
m3art wach ybghi y2amrou chi 7edd,,معارت واش يبغي يأمرو شي حدّ
m3art wach ybghi ymtatel l9anoun li 7atinou,,معارت واش يبغي يمتاتل لقانون لي حاتينو
m3art wach ybghi yst5rej had new3 dial l7jer men lb7er,,معارت واش يبغي يستخرج هاد نوع ديال لحجر من لبحر
m3art wach ybghi y3aredni fhad lmawdou3,,معارت واش يبغي يعاردني فهاد لماودوع
m3art wach ybghi yste2nef had l7okm,,معارت واش يبغي يستءنف هاد لحوكم
m3art wach ybghi ychedd dik rechwa,,معارت واش يبغي يشدّ ديك رشوا
m3art wach ybghi tze3lel m3ana,,معارت واش يبغي تزعلل معانا
m3art wach ybghi ysllem 3lih,,معارت واش يبغي يسلّم عليه
m3art wach ybghi yzreb 3lih,,معارت واش يبغي يزرب عليه
m3art wach ybghi ywajehni face a face,,معارت واش يبغي يواجهني فاس أ فاس
m3art wach ybghi ybyen liya oula la,,معارت واش يبغي يبين لييا ولا لا
m3art wach ybghi ysme7 liya tabla,,معارت واش يبغي يسمح لييا تابلا
m3art wach ybghi ydoble liya l5elssa,,معارت واش يبغي يدوبل لييا لخلسّا
m3art wach ybghi ydeber liya 3la 5edma 7ssen,,معارت واش يبغي يدبر لييا علا خدما حسّن
m3art wach ybghi y5ress dak lwerd,,معارت واش يبغي يخرسّ داك لورد
m3art wach ybghi yjzem anaho makaykdebch,,معارت واش يبغي يجزم أناهو ماكايكدبش
m3art wach ybghi ykchef lih had touni,,معارت واش يبغي يكشف ليه هاد توني
m3art wach ybghi y3sser dak limoune,,معارت واش يبغي يعسّر داك ليمون
m3art wach ybghi yrbet douk l7boula,,معارت واش يبغي يربت دوك لحبولا
m3art wach ybghi y2aadi dik dariba,,معارت واش يبغي يأادي ديك داريبا
m3art wach ybghi tla9a m3aya fdik l9ehwa,,معارت واش يبغي تلاقا معايا فديك لقهوا
m3art wach ybghi tleb meni chi flouss,,معارت واش يبغي تلب مني شي فلوسّ
m3art wach ybghi y3aani m3aya,,معارت واش يبغي يعاني معايا
m3art wach ybghi y5eddem 3endou chi 7edd machi me39oul,,معارت واش يبغي يخدّم عندو شي حدّ ماشي معقول
m3art wach ybghi y5ebbi dkchi fsendo9,,معارت واش يبغي يخبّي دكشي فسندوق
m3art wach ybghi y5dem hna,,معارت واش يبغي يخدم هنا
m3art wach ybghi yt3awen m3a dak lfilistini,,معارت واش يبغي يتعاون معا داك لفيليستيني
m3art wach ybghi tsre7 fhad denya flil,,معارت واش يبغي تسرح فهاد دنيا فليل
m3art wach ybghi yakol had lmakla dial cham,,معارت واش يبغي ياكول هاد لماكلا ديال شام
m3art wach ybghi y3ber liya ch7al 5dit dial dissir,,معارت واش يبغي يعبر لييا شحال خديت ديال ديسّير
m3art wach ybghi yl9a liya chi bit zwin,,معارت واش يبغي يلقا لييا شي بيت زوين
m3art wach ybghi ytni sba3ih,,معارت واش يبغي يتني سباعيه
m3art wach ybghi yneddem we9tou,,معارت واش يبغي يندّم وقتو
m3art wach ybghi yen9ed dak derri,,معارت واش يبغي ينقد داك درّي
m3art wach ybghi yreffeh 3la rassou,,معارت واش يبغي يرفّه علا راسّو
m3art wach ybghi ytwe99e3 natija dial had lmatch,,معارت واش يبغي يتوقّع ناتيجا ديال هاد لماتش
m3art wach ybghi yf7essni tbib de5ya,,معارت واش يبغي يفحسّني تبيب دخيا
m3art wach ybghi ysedder douk l7wayj berra,,معارت واش يبغي يسدّر دوك لحوايج برّا
m3art wach ybghi ydir stintaj dial dak temrin,,معارت واش يبغي يدير ستينتاج ديال داك تمرين
m3art wach ybghi ysed dak l9fl,,معارت واش يبغي يسد داك لقفل
m3art wach ybghi y3oum bach y7eyyed 3la rassou had sehd,,معارت واش يبغي يعوم باش يحيّد علا راسّو هاد سهد
m3art wach ybghi ydeffi 3la rassou,,معارت واش يبغي يدفّي علا راسّو
m3art wach ybghi 3taref bhadchi,,معارت واش يبغي عتارف بهادشي
m3art wach ybghi ytele3ha 3la rassou,,معارت واش يبغي يتلعها علا راسّو
m3art wach ybghi ytselle9 had chejra,,معارت واش يبغي يتسلّق هاد شجرا
m3art wach ybghi y5ssel snanou,,معارت واش يبغي يخسّل سنانو
m3art wach ybghi yntej had new3 dial dissir,,معارت واش يبغي ينتج هاد نوع ديال ديسّير
m3art wach ybghi y5de3ni,,معارت واش يبغي يخدعني
m3art wach ybghi ybherni,,معارت واش يبغي يبهرني
m3art wach ybghi ynezel taman,,معارت واش يبغي ينزل تامان
m3art wach ybghi yfrek bidih douk l7wayj,,معارت واش يبغي يفرك بيديه دوك لحوايج
m3art wach ybghi ywekkel douk lfra5,,معارت واش يبغي يوكّل دوك لفراخ
m3art wach ybghi ydewer wejhou men had jiha,,معارت واش يبغي يدور وجهو من هاد جيها
m3art wach ybghi ywezze3 3lina had ldlouss kamlin,,معارت واش يبغي يوزّع علينا هاد لدلوسّ كاملين
m3art wach ybghi y5elles dik lfactoura bekri,,معارت واش يبغي يخلّس ديك لفاكتورا بكري
m3art wach ybghi yrjje3 l5demtou,,معارت واش يبغي يرجّع لخدمتو
m3art wach ybghi yn9ess men wznou,,معارت واش يبغي ينقسّ من وزنو
m3art wach ybghi ywe99ef dak lkar bach yrkeb fih,,معارت واش يبغي يوقّف داك لكار باش يركب فيه
m3art wach ybghi ychkkel chi fer9a wa3ra,,معارت واش يبغي يشكّل شي فرقا واعرا
m3art wach ybghi yez3ejni,,معارت واش يبغي يزعجني
m3art wach ybghi yet3eddani,,معارت واش يبغي يتعدّاني
m3art wach ybghi yet9ddem men had na7iya,,معارت واش يبغي يتقدّم من هاد ناحييا
m3art wach ybghi ykerres liya 9ima,,معارت واش يبغي يكرّس لييا قيما
m3art wach ybghi ystafzzni,,معارت واش يبغي يستافزّني
m3art wach ybghi ytem2enni,,معارت واش يبغي يتمءنّي
m3art wach yt2emmel chi 7aja msiana,,معارت واش يتءمّل شي حاجا مسيانا
m3art wach ybghi y7dder lhad l3am fl3otla,,معارت واش يبغي يحدّر لهاد لعام فلعوتلا
m3art wach ybghi ytfa3el m3aya,,معارت واش يبغي يتفاعل معايا
yak kenti ghade l3ndou 3lach katkdeb.,,ياك كنتي غاد لعندو علاش كاتكدب.
yak kenti habt l darek 3lach katkdeb.,,ياك كنتي هابت ل دارك علاش كاتكدب.
yak kenti kat9aad darek 3lach katkdeb.,,ياك كنتي كاتقاد دارك علاش كاتكدب.
yak kenti katkhdem koula nhar 3lach katkdeb.,,ياك كنتي كاتخدم كولا نهار علاش كاتكدب.
yak kenti katsift lih lmsrouf 3lach katkdeb.,,ياك كنتي كاتسيفت ليه لمسروف علاش كاتكدب.
yak kenti katkowwen rassek 3lach katkdeb.,,ياك كنتي كاتكووّن راسّك علاش كاتكدب.
yak kenti kat3ellem lmousi9a 3lach katkdeb.,,ياك كنتي كاتعلّم لموسيقا علاش كاتكدب.
yak kenti katched guide 3lach katkdeb.,,ياك كنتي كاتشد ڭويد علاش كاتكدب.
yak kenti kat9ne3ou iji 3lach katkdeb.,,ياك كنتي كاتقنعو إجي علاش كاتكدب.
yak kenti katdereb m3ah 3lach katkdeb.,,ياك كنتي كاتدرب معاه علاش كاتكدب.
yak kenti s7a7iti 3lach katkdeb.,,ياك كنتي سحاحيتي علاش كاتكدب.
yak kenti dowe9tini 3lach katkdeb.,,ياك كنتي دووقتيني علاش كاتكدب.
yak kenti 3eyetti lia 3lach katkdeb.,,ياك كنتي عيتّي ليا علاش كاتكدب.
yak kenti tkhelliti 3lih 3lach katkdeb.,,ياك كنتي تخلّيتي عليه علاش كاتكدب.
yak kenti katjaweb 3lach katkdeb.,,ياك كنتي كاتجاوب علاش كاتكدب.
yak kenti katchekka 3lach katkdeb.,,ياك كنتي كاتشكّا علاش كاتكدب.
yak kenti katfkr fih 3lach katkdeb.,,ياك كنتي كاتفكر فيه علاش كاتكدب.
yak kenti katdir fiha wa3r 3lach katkdeb.,,ياك كنتي كاتدير فيها واعر علاش كاتكدب.
yak kenti katchawer m3ah 3lach katkdeb.,,ياك كنتي كاتشاور معاه علاش كاتكدب.
yak kenti kat9sem m3aya 3lach katkdeb.,,ياك كنتي كاتقسم معايا علاش كاتكدب.
yak kenti mnkharet f nfss lclub 3lach katkdeb.,,ياك كنتي منخارت ف نفسّ لكلوب علاش كاتكدب.
yak kenti kat7e99e9 ga3 dkchi li bghiti 3lach katkdeb.,,ياك كنتي كاتحقّق ڭاع دكشي لي بغيتي علاش كاتكدب.
yak kenti 7akm dnya 3lach katkdeb.,,ياك كنتي حاكم دنيا علاش كاتكدب.
yak kenti atdir 3amalya 3lach katkdeb.,,ياك كنتي أتدير عاماليا علاش كاتكدب.
yak kenti katjibni mn lmatar 3lach katkdeb.,,ياك كنتي كاتجيبني من لماتار علاش كاتكدب.
yak kenti baghi tdwi m3ah 3lach katkdeb.,,ياك كنتي باغي تدوي معاه علاش كاتكدب.
yak kenti daf3 kbir 3lach katkdeb.,,ياك كنتي دافع كبير علاش كاتكدب.
yak kenti katjessess 3la nass 3lach katkdeb.,,ياك كنتي كاتجسّسّ علا ناسّ علاش كاتكدب.
yak kenti kat3if 3lach katkdeb.,,ياك كنتي كاتعيف علاش كاتكدب.
yak kenti lghiti lmawa3id dialk 3lach katkdeb.,,ياك كنتي لغيتي لماواعيد ديالك علاش كاتكدب.
yak kenti serrefti lflouss 3lach katkdeb.,,ياك كنتي سرّفتي لفلوسّ علاش كاتكدب.
yak kenti t9a3edti 3lach katkdeb.,,ياك كنتي تقاعدتي علاش كاتكدب.
yak kenti katwejjed l3rssk 3lach katkdeb.,,ياك كنتي كاتوجّد لعرسّك علاش كاتكدب.
yak kenti sehelti 3lik l omor 3lach katkdeb.,,ياك كنتي سهلتي عليك ل أُمور علاش كاتكدب.
yak kenti myet bl3ya 3lach katkdeb.,,ياك كنتي ميت بلعيا علاش كاتكدب.
yak kenti baghi tnss 3lach katkdeb.,,ياك كنتي باغي تنسّ علاش كاتكدب.
yak kenti baghi tb3na 3lach katkdeb.,,ياك كنتي باغي تبعنا علاش كاتكدب.
yak kenti baghi tl79 3lina 3lach katkdeb.,,ياك كنتي باغي تلحق علينا علاش كاتكدب.
yak kenti katsejjel f had lmdrassa 3lach katkdeb.,,ياك كنتي كاتسجّل ف هاد لمدراسّا علاش كاتكدب.
yak kenti kat7seb m3aya lflouss 3lach katkdeb.,,ياك كنتي كاتحسب معايا لفلوسّ علاش كاتكدب.
yak kenti kat7ffezni 3lach katkdeb.,,ياك كنتي كاتحفّزني علاش كاتكدب.
yak kenti katimprimi lia lwra9 3lach katkdeb.,,ياك كنتي كاتيمپريمي ليا لوراق علاش كاتكدب.
yak kenti kattwetter 3lach katkdeb.,,ياك كنتي كاتّوتّر علاش كاتكدب.
yak kenti kat3ya bzerba 3lach katkdeb.,,ياك كنتي كاتعيا بزربا علاش كاتكدب.
yak kenti katkhdm m3ah 3lach katkdeb.,,ياك كنتي كاتخدم معاه علاش كاتكدب.
yak kenti m3ard 3lach katkdeb.,,ياك كنتي معارد علاش كاتكدب.
yak kenti baghi ts7au 3lach katkdeb.,,ياك كنتي باغي تسحو علاش كاتكدب.
yak kenti myssr 3lach katkdeb.,,ياك كنتي ميسّر علاش كاتكدب.
yak kenti m7taj 3lach katkdeb.,,ياك كنتي محتاج علاش كاتكدب.
yak kenti 7bssti dkhoul 3lach katkdeb.,,ياك كنتي حبسّتي دخول علاش كاتكدب.
yak kenti katforssi 3la rassk 3lach katkdeb.,,ياك كنتي كاتفورسّي علا راسّك علاش كاتكدب.
yak kenti t2e9lemti 3lach katkdeb.,,ياك كنتي تءقلمتي علاش كاتكدب.
yak kenti katre3ed 3lach katkdeb.,,ياك كنتي كاترعد علاش كاتكدب.
yak kenti kat9ef9ef 3lach katkdeb.,,ياك كنتي كاتقفقف علاش كاتكدب.
yak kenti 9ass7 3lach katkdeb.,,ياك كنتي قاسّح علاش كاتكدب.
yak kenti s3ib 3lach katkdeb.,,ياك كنتي سعيب علاش كاتكدب.
yak kenti 9bi7 3lach katkdeb.,,ياك كنتي قبيح علاش كاتكدب.
yak kenti zayd f l atmina 3lach katkdeb.,,ياك كنتي زايد ف ل أتمينا علاش كاتكدب.
yak kenti tl3ti l chamal 3lach katkdeb.,,ياك كنتي تلعتي ل شامال علاش كاتكدب.
yak kenti kakhzn lflouss 3lach katkdeb.,,ياك كنتي كاخزن لفلوسّ علاش كاتكدب.
yak kenti katt8ejja 3lach katkdeb.,,ياك كنتي كاتّهجّا علاش كاتكدب.
yak kenti kat7errek 3lach katkdeb.,,ياك كنتي كاتحرّك علاش كاتكدب.
yak kenti kat3amel m3a nass 3lach katkdeb.,,ياك كنتي كاتعامل معا ناسّ علاش كاتكدب.
yak kenti baghi t3om 3lach katkdeb.,,ياك كنتي باغي تعوم علاش كاتكدب.
yak kenti katrkel 3lach katkdeb.,,ياك كنتي كاتركل علاش كاتكدب.
yak kenti kat3dded 3lach katkdeb.,,ياك كنتي كاتعدّد علاش كاتكدب.
yak kenti katlbes 7wayjek 3lach katkdeb.,,ياك كنتي كاتلبس حوايجك علاش كاتكدب.
yak kenti katdiklari 3lach katkdeb.,,ياك كنتي كاتديكلاري علاش كاتكدب.
yak kenti kat2ekked 3lih 3lach katkdeb.,,ياك كنتي كاتءكّد عليه علاش كاتكدب.
yak kenti 9aditi stok lo 3ndk 3lach katkdeb.,,ياك كنتي قاديتي ستوك لو عندك علاش كاتكدب.
yak kenti katdkhel sel3a mn berra 3lach katkdeb.,,ياك كنتي كاتدخل سلعا من برّا علاش كاتكدب.
yak kenti baghi t2ejjel safar 3lach katkdeb.,,ياك كنتي باغي تءجّل سافار علاش كاتكدب.
yak kenti wd7ti lihoum lmouchkil li tra 3lach katkdeb.,,ياك كنتي ودحتي ليهوم لموشكيل لي ترا علاش كاتكدب.
yak kenti tb3ti lktab dialk 3lach katkdeb.,,ياك كنتي تبعتي لكتاب ديالك علاش كاتكدب.
yak kenti 9t3ti l garro 3lach katkdeb.,,ياك كنتي قتعتي ل ڭارّو علاش كاتكدب.
yak kenti mkheyem 3lach katkdeb.,,ياك كنتي مخيم علاش كاتكدب.
yak kenti katkheless mzyan 3lach katkdeb.,,ياك كنتي كاتخلسّ مزيان علاش كاتكدب.
yak kenti kat7owwel r7il 3lach katkdeb.,,ياك كنتي كاتحووّل رحيل علاش كاتكدب.
yak kenti fahm dorossk 3lach katkdeb.,,ياك كنتي فاهم دوروسّك علاش كاتكدب.
yak kenti katsara 3lach katkdeb.,,ياك كنتي كاتسارا علاش كاتكدب.
yak kenti ghamerti 3lach katkdeb.,,ياك كنتي غامرتي علاش كاتكدب.
yak kenti tsa7ebti m3ah 3lach katkdeb.,,ياك كنتي تساحبتي معاه علاش كاتكدب.
yak kenti mowwelti lmachrou3 dialou 3lach katkdeb.,,ياك كنتي مووّلتي لماشروع ديالو علاش كاتكدب.
yak kenti jm3ti 7wayjek 3lach katkdeb.,,ياك كنتي جمعتي حوايجك علاش كاتكدب.
yak kenti kats77e7 lmti7anat 3lach katkdeb.,,ياك كنتي كاتسحّح لمتيحانات علاش كاتكدب.
yak kenti katab7ar 3lach katkdeb.,,ياك كنتي كاتابحار علاش كاتكدب.
yak kenti t3oweddti 3lach katkdeb.,,ياك كنتي تعوودّتي علاش كاتكدب.
yak kenti katchfer 3lach katkdeb.,,ياك كنتي كاتشفر علاش كاتكدب.
yak kenti kat9elleb 3lih 3lach katkdeb.,,ياك كنتي كاتقلّب عليه علاش كاتكدب.
yak kenti katrssem 3lach katkdeb.,,ياك كنتي كاترسّم علاش كاتكدب.
yak kenti kat3aared 3lach katkdeb.,,ياك كنتي كاتعارد علاش كاتكدب.
yak kenti kat7edded 7wayjek 3lach katkdeb.,,ياك كنتي كاتحدّد حوايجك علاش كاتكدب.
yak kenti mzroub 3lach katkdeb.,,ياك كنتي مزروب علاش كاتكدب.
yak kenti katncher 7wayjek 3lach katkdeb.,,ياك كنتي كاتنشر حوايجك علاش كاتكدب.
yak kenti kat9edda 3lach katkdeb.,,ياك كنتي كاتقدّا علاش كاتكدب.
yak kenti katmizi 3lach katkdeb.,,ياك كنتي كاتميزي علاش كاتكدب.
yak kenti kat7ok 3lach katkdeb.,,ياك كنتي كاتحوك علاش كاتكدب.
yak kenti 3aych bikhir 3lach katkdeb.,,ياك كنتي عايش بيخير علاش كاتكدب.
yak kenti haz lhem 3lach katkdeb.,,ياك كنتي هاز لهم علاش كاتكدب.
yak kenti chad tri9 3lach katkdeb.,,ياك كنتي شاد تريق علاش كاتكدب.
yak kenti katrssm 3lach katkdeb.,,ياك كنتي كاترسّم علاش كاتكدب.
yak kenti sayebti tonobil 3lach katkdeb.,,ياك كنتي سايبتي تونوبيل علاش كاتكدب.
yak kenti m3a 3mek 3lach katkdeb.,,ياك كنتي معا عمك علاش كاتكدب.
yak kenti chad fih 3lach katkdeb.,,ياك كنتي شاد فيه علاش كاتكدب.
yak kenti zrban 3lach katkdeb.,,ياك كنتي زربان علاش كاتكدب.
yak kenti m3ettel 3lach katkdeb.,,ياك كنتي معتّل علاش كاتكدب.
yak kenti mdarb m3ah 3lach katkdeb.,,ياك كنتي مدارب معاه علاش كاتكدب.
yak kenti mkalmi 3lach katkdeb.,,ياك كنتي مكالمي علاش كاتكدب.
yak kenti kat7tejj 3lach katkdeb.,,ياك كنتي كاتحتجّ علاش كاتكدب.
yak kenti mwazen 7yatek 3lach katkdeb.,,ياك كنتي موازن حياتك علاش كاتكدب.
yak kenti tlbtih 3lach katkdeb.,,ياك كنتي تلبتيه علاش كاتكدب.
yak kenti bayt m3aya 3lach katkdeb.,,ياك كنتي بايت معايا علاش كاتكدب.
yak kenti 3titi tasbi9 3lach katkdeb.,,ياك كنتي عتيتي تاسبيق علاش كاتكدب.
yak kenti tchafiti 3lach katkdeb.,,ياك كنتي تشافيتي علاش كاتكدب.
yak kenti kat3awn m3ah 3lach katkdeb.,,ياك كنتي كاتعاون معاه علاش كاتكدب.
yak kenti heressti tebssil 3lach katkdeb.,,ياك كنتي هرسّتي تبسّيل علاش كاتكدب.
yak kenti jerriti lkourssi 3lach katkdeb.,,ياك كنتي جرّيتي لكورسّي علاش كاتكدب.
yak kenti labass 3lik 3lach katkdeb.,,ياك كنتي لاباسّ عليك علاش كاتكدب.
yak kenti katposa 3lach katkdeb.,,ياك كنتي كاتپوسا علاش كاتكدب.
yak kenti tay9 f rassk 3lach katkdeb.,,ياك كنتي تايق ف راسّك علاش كاتكدب.
yak kenti f so9 3lach katkdeb.,,ياك كنتي ف سوق علاش كاتكدب.
yak kenti deddou 3lach katkdeb.,,ياك كنتي ددّو علاش كاتكدب.
yak kenti katddabz m3ah 3lach katkdeb.,,ياك كنتي كاتدّابز معاه علاش كاتكدب.
yak kenti mndamj 3lach katkdeb.,,ياك كنتي مندامج علاش كاتكدب.
yak kenti mamtaf9ch 3lach katkdeb.,,ياك كنتي مامتافقش علاش كاتكدب.
yak kenti ldakhl 3lach katkdeb.,,ياك كنتي لداخل علاش كاتكدب.
yak kenti berra 3lach katkdeb.,,ياك كنتي برّا علاش كاتكدب.
yak kenti mghyar 3lach katkdeb.,,ياك كنتي مغيار علاش كاتكدب.
yak kenti katkhtar li bghiti 3lach katkdeb.,,ياك كنتي كاتختار لي بغيتي علاش كاتكدب.
yak kenti kat2amer 3lach katkdeb.,,ياك كنتي كاتأمر علاش كاتكدب.
yak kenti katmtatel l 2awamir 3lach katkdeb.,,ياك كنتي كاتمتاتل ل أوامير علاش كاتكدب.
yak kenti berra lmdina 3lach katkdeb.,,ياك كنتي برّا لمدينا علاش كاتكدب.
yak kenti m3ard hadche 3lach katkdeb.,,ياك كنتي معارد هادش علاش كاتكدب.
yak kenti west lmall 3lach katkdeb.,,ياك كنتي وست لمالّ علاش كاتكدب.
yak kenti chad fia 3lach katkdeb.,,ياك كنتي شاد فيا علاش كاتكدب.
yak kenti katze3lel 3lach katkdeb.,,ياك كنتي كاتزعلل علاش كاتكدب.
yak kenti katsllem 3lih 3lach katkdeb.,,ياك كنتي كاتسلّم عليه علاش كاتكدب.
yak kenti katzreb 3lach katkdeb.,,ياك كنتي كاتزرب علاش كاتكدب.
yak kenti katwaajhou 3lach katkdeb.,,ياك كنتي كاتواجهو علاش كاتكدب.
yak kenti ms7ti tellaja 3lach katkdeb.,,ياك كنتي مسحتي تلّاجا علاش كاتكدب.
yak kenti dobltih f tri9 3lach katkdeb.,,ياك كنتي دوبلتيه ف تريق علاش كاتكدب.
yak kenti jm3ti denya 3lach katkdeb.,,ياك كنتي جمعتي دنيا علاش كاتكدب.
yak kenti chhedti m3ah 3lach katkdeb.,,ياك كنتي شهدتي معاه علاش كاتكدب.
yak kenti katghres 3lach katkdeb.,,ياك كنتي كاتغرس علاش كاتكدب.
yak kenti 7abss lmakla 3lach katkdeb.,,ياك كنتي حابسّ لماكلا علاش كاتكدب.
yak kenti dabbzti m3ah 3lach katkdeb.,,ياك كنتي دابّزتي معاه علاش كاتكدب.
yak kenti m3edeb 3lach katkdeb.,,ياك كنتي معدب علاش كاتكدب.
yak kenti katls9 lwra9 3lach katkdeb.,,ياك كنتي كاتلسق لوراق علاش كاتكدب.
yak kenti 9aditi t9dya 3lach katkdeb.,,ياك كنتي قاديتي تقديا علاش كاتكدب.
yak kenti tla9itih 3lach katkdeb.,,ياك كنتي تلاقيتيه علاش كاتكدب.
yak kenti kattleb 3lach katkdeb.,,ياك كنتي كاتّلب علاش كاتكدب.
yak kenti kat3aani 3lach katkdeb.,,ياك كنتي كاتعاني علاش كاتكدب.
yak kenti mkhedmou 3ndk 3lach katkdeb.,,ياك كنتي مخدمو عندك علاش كاتكدب.
yak kenti katkhbba 3lach katkdeb.,,ياك كنتي كاتخبّا علاش كاتكدب.
yak kenti katkhddem 3lach katkdeb.,,ياك كنتي كاتخدّم علاش كاتكدب.
yak kenti kat3awenou 3lach katkdeb.,,ياك كنتي كاتعاونو علاش كاتكدب.
yak kenti katsre7 3lach katkdeb.,,ياك كنتي كاتسرح علاش كاتكدب.
yak kenti mchad m3ah 3lach katkdeb.,,ياك كنتي مشاد معاه علاش كاتكدب.
yak kenti kat3ber 3lach katkdeb.,,ياك كنتي كاتعبر علاش كاتكدب.
yak kenti za3m 3lach katkdeb.,,ياك كنتي زاعم علاش كاتكدب.
yak kenti mredti 3lach katkdeb.,,ياك كنتي مردتي علاش كاتكدب.
yak kenti nadem 3lach katkdeb.,,ياك كنتي نادم علاش كاتكدب.
yak kenti 3t9tih 3lach katkdeb.,,ياك كنتي عتقتيه علاش كاتكدب.
yak kenti rfhti 3la rassk 3lach katkdeb.,,ياك كنتي رفهتي علا راسّك علاش كاتكدب.
yak kenti beddelti darek 3lach katkdeb.,,ياك كنتي بدّلتي دارك علاش كاتكدب.
yak kenti mchit 3nd tbib 3lach katkdeb.,,ياك كنتي مشيت عند تبيب علاش كاتكدب.
yak kenti tay7 3lach katkdeb.,,ياك كنتي تايح علاش كاتكدب.
yak kenti katle7e7 3lih bach iji 3lach katkdeb.,,ياك كنتي كاتلحح عليه باش إجي علاش كاتكدب.
yak kenti mchiti 3lach katkdeb.,,ياك كنتي مشيتي علاش كاتكدب.
yak kenti soureti darek 3lach katkdeb.,,ياك كنتي سورتي دارك علاش كاتكدب.
yak kenti kat3red 3lih 3lach katkdeb.,,ياك كنتي كاتعرد عليه علاش كاتكدب.
yak kenti fik sehd 3lach katkdeb.,,ياك كنتي فيك سهد علاش كاتكدب.
yak kenti katfada lmachakil 3lach katkdeb.,,ياك كنتي كاتفادا لماشاكيل علاش كاتكدب.
yak kenti 3tarfti b koulchi 3lach katkdeb.,,ياك كنتي عتارفتي ب كولشي علاش كاتكدب.
yak kenti merredtih 3lach katkdeb.,,ياك كنتي مرّدتيه علاش كاتكدب.
yak kenti kattselle9 jbal 3lach katkdeb.,,ياك كنتي كاتّسلّق جبال علاش كاتكدب.
yak kenti katsayb ch3rk 3lach katkdeb.,,ياك كنتي كاتسايب شعرك علاش كاتكدب.
yak kenti katmchet ch3rk 3lach katkdeb.,,ياك كنتي كاتمشت شعرك علاش كاتكدب.
yak kenti khewwaf 3lach katkdeb.,,ياك كنتي خوّاف علاش كاتكدب.
yak kenti chriti mchta jdida 3lach katkdeb.,,ياك كنتي شريتي مشتا جديدا علاش كاتكدب.
yak kenti chriti chekkara jdida 3lach katkdeb.,,ياك كنتي شريتي شكّارا جديدا علاش كاتكدب.
yak kenti bdlti dar 3lach katkdeb.,,ياك كنتي بدلتي دار علاش كاتكدب.
yak kenti wkklti mchach 3lach katkdeb.,,ياك كنتي وكّلتي مشاش علاش كاتكدب.
yak kenti chriti tonobil jdida 3lach katkdeb.,,ياك كنتي شريتي تونوبيل جديدا علاش كاتكدب.
yak kenti chriti ri7a jdida 3lach katkdeb.,,ياك كنتي شريتي ريحا جديدا علاش كاتكدب.
yak kenti kat9ra lktouba 3lach katkdeb.,,ياك كنتي كاتقرا لكتوبا علاش كاتكدب.
yak kenti katkhlles lfactourat 3lach katkdeb.,,ياك كنتي كاتخلّس لفاكتورات علاش كاتكدب.
yak kenti rj3ti lih 7wayjou 3lach katkdeb.,,ياك كنتي رجعتي ليه حوايجو علاش كاتكدب.
yak kenti khditi 7wayjek mn 3ndou 3lach katkdeb.,,ياك كنتي خديتي حوايجك من عندو علاش كاتكدب.
yak kenti selleftih 3lach katkdeb.,,ياك كنتي سلّفتيه علاش كاتكدب.
yak kenti katdir lihoum l iz3aj 3lach katkdeb.,,ياك كنتي كاتدير ليهوم ل إزعاج علاش كاتكدب.
yak kenti kiderrek rassk 3lach katkdeb.,,ياك كنتي كيدرّك راسّك علاش كاتكدب.
yak kenti 9dim m3ahoum 3lach katkdeb.,,ياك كنتي قديم معاهوم علاش كاتكدب.
yak kenti heressti lkissan 3lach katkdeb.,,ياك كنتي هرسّتي لكيسّان علاش كاتكدب.
yak kenti katstafzzou 3lach katkdeb.,,ياك كنتي كاتستافزّو علاش كاتكدب.
yak kenti mtma2en 3lach katkdeb.,,ياك كنتي متماءن علاش كاتكدب.
yak kenti katt2emmel 3lach katkdeb,,ياك كنتي كاتّءمّل علاش كاتكدب
yak kenti 7ader 3lach katkdeb.,,ياك كنتي حادر علاش كاتكدب.
yak kenti katfa3el m3ah 3lach katkdeb.,,ياك كنتي كاتفاعل معاه علاش كاتكدب.
yak kenti katbtaker l9issas 3lach katkdeb.,,ياك كنتي كاتبتاكر لقيسّاس علاش كاتكدب.
yak kenti kat7kem 3la nass 3lach katkdeb.,,ياك كنتي كاتحكم علا ناسّ علاش كاتكدب.
yak kenti kat3aan9ou 3lach katkdeb.,,ياك كنتي كاتعانقو علاش كاتكدب.
yak kenti 3zzitih 3lach katkdeb.,,ياك كنتي عزّيتيه علاش كاتكدب.
yak kenti t9ydti 3lach katkdeb.,,ياك كنتي تقيدتي علاش كاتكدب.
yak kenti metti b sehd 3lach katkdeb.,,ياك كنتي متّي ب سهد علاش كاتكدب.
yak kenti tzaditi flwazn 3lach katkdeb.,,ياك كنتي تزاديتي فلوازن علاش كاتكدب.
yak kenti mtekki 3lach katkdeb.,,ياك كنتي متكّي علاش كاتكدب.
yak kenti kattebe9 l9anoun 3lach katkdeb.,,ياك كنتي كاتّبق لقانون علاش كاتكدب.
yak kenti 7ade rassk 3lach katkdeb.,,ياك كنتي حاد راسّك علاش كاتكدب.
yak kenti katrre3ed 3lach katkdeb.,,ياك كنتي كاترّعد علاش كاتكدب.
yak kenti mrtabet 3lach katkdeb.,,ياك كنتي مرتابت علاش كاتكدب.
yak kenti talf 3lach katkdeb.,,ياك كنتي تالف علاش كاتكدب.
yak kenti t9lti 3lach katkdeb.,,ياك كنتي تقلتي علاش كاتكدب.
yak kenti katnsa 3lach katkdeb.,,ياك كنتي كاتنسا علاش كاتكدب.
yak kenti katdmme3 3lach katkdeb.,,ياك كنتي كاتدمّع علاش كاتكدب.
yak kenti m3ardhoum 3lach katkdeb.,,ياك كنتي معاردهوم علاش كاتكدب.
yak kenti katfsed 3lach katkdeb.,,ياك كنتي كاتفسد علاش كاتكدب.
yak kenti katster 3lih 3lach katkdeb.,,ياك كنتي كاتستر عليه علاش كاتكدب.
yak kenti barekti lih 3lach katkdeb.,,ياك كنتي باركتي ليه علاش كاتكدب.
yak kenti khtar9ti systeme 3lach katkdeb.,,ياك كنتي ختارقتي سيستم علاش كاتكدب.
yak kenti daf3ti 3lih 3lach katkdeb.,,ياك كنتي دافعتي عليه علاش كاتكدب.
yak kenti ndamejti m3ahoum 3lach katkdeb.,,ياك كنتي ندامجتي معاهوم علاش كاتكدب.
yak kenti katderreb m3aya 3lach katkdeb.,,ياك كنتي كاتدرّب معايا علاش كاتكدب.
yak kenti katstenzef lmawarid fabor 3lach katkdeb.,,ياك كنتي كاتستنزف لماواريد فابور علاش كاتكدب.
yak kenti 3aych fabor 3lach katkdeb.,,ياك كنتي عايش فابور علاش كاتكدب.
yak kenti kari 3lach katkdeb.,,ياك كنتي كاري علاش كاتكدب.
yak kenti chari 3lach katkdeb.,,ياك كنتي شاري علاش كاتكدب.
yak kenti kat9dda 3lach katkdeb.,,ياك كنتي كاتقدّا علاش كاتكدب.
yak kenti katsab9 3lach katkdeb.,,ياك كنتي كاتسابق علاش كاتكدب.
yak kenti katjemmed 3lach katkdeb.,,ياك كنتي كاتجمّد علاش كاتكدب.
yak kenti katdaawa 3lach katkdeb.,,ياك كنتي كاتداوا علاش كاتكدب.
yak kenti katbadel m3ah lblayss 3lach katkdeb.,,ياك كنتي كاتبادل معاه لبلايسّ علاش كاتكدب.
yak kenti sabr 3lach katkdeb.,,ياك كنتي سابر علاش كاتكدب.
yak kenti katn3ss f l ard 3lach katkdeb.,,ياك كنتي كاتنعسّ ف ل أرد علاش كاتكدب.
yak kenti katkhassr lflouss bezzaf 3lach katkdeb.,,ياك كنتي كاتخاسّر لفلوسّ بزّاف علاش كاتكدب.
yak kenti katn3ss galss 3lach katkdeb.,,ياك كنتي كاتنعسّ ڭالسّ علاش كاتكدب.
yak kenti kattsennah 3lach katkdeb.,,ياك كنتي كاتّسنّاه علاش كاتكدب.
yak kenti flb7r 3lach katkdeb.,,ياك كنتي فلبحر علاش كاتكدب.
yak kenti beddelti khdmtk 3lach katkdeb.,,ياك كنتي بدّلتي خدمتك علاش كاتكدب.
yak kenti stslmti 3lach katkdeb.,,ياك كنتي ستسلمتي علاش كاتكدب.
yak kenti mzyyer 3lach katkdeb.,,ياك كنتي مزيّر علاش كاتكدب.
yak kenti tzaditi 9bl lwe9t 3lach katkdeb.,,ياك كنتي تزاديتي قبل لوقت علاش كاتكدب.
yak kenti bdlti 7wayjek 3lach katkdeb.,,ياك كنتي بدلتي حوايجك علاش كاتكدب.
yak kenti 3lenti 3la lkhotba dialk 3lach katkdeb.,,ياك كنتي علنتي علا لخوتبا ديالك علاش كاتكدب.
yak kentou tsal7tou 3lach katkdeb.,,ياك كنتو تسالحتو علاش كاتكدب.
yak kenti bditi lmchrou3 dialk 3lach katkdeb.,,ياك كنتي بديتي لمشروع ديالك علاش كاتكدب.
yak kenti f jtima3 3lach katkdeb.,,ياك كنتي ف جتيماع علاش كاتكدب.
yak kenti bdlti tiliphone 3lach katkdeb.,,ياك كنتي بدلتي تيليپهون علاش كاتكدب.
yak kenti kat3ayrou 3lach katkdeb.,,ياك كنتي كاتعايرو علاش كاتكدب.
yak kenti katteyyeb 3lach katkdeb.,,ياك كنتي كاتّيّب علاش كاتكدب.
yak kenti kattwi l7wayj 3lach katkdeb.,,ياك كنتي كاتّوي لحوايج علاش كاتكدب.
yak kenti tnazlti lih 3lach katkdeb.,,ياك كنتي تنازلتي ليه علاش كاتكدب.
yak kenti wjjedti bach tji 3lach katkdeb.,,ياك كنتي وجّدتي باش تجي علاش كاتكدب.
yak kenti mrewen 3lach katkdeb.,,ياك كنتي مرون علاش كاتكدب.
yak kenti t7ti 3lach katkdeb.,,ياك كنتي تحتي علاش كاتكدب.
yak kenti katms7 3lach katkdeb.,,ياك كنتي كاتمسح علاش كاتكدب.
yak kenti katwejjed 3lach katkdeb.,,ياك كنتي كاتوجّد علاش كاتكدب.
yak kenti katrkkez 3lach katkdeb.,,ياك كنتي كاتركّز علاش كاتكدب.
yak kenti katdewech 3lach katkdeb.,,ياك كنتي كاتدوش علاش كاتكدب.
yak kenti lt7t 3lach katkdeb.,,ياك كنتي لتحت علاش كاتكدب.
yak kenti katrezervi 3lach katkdeb.,,ياك كنتي كاترزرڤي علاش كاتكدب.
yak kenti katst9belou 3lach katkdeb.,,ياك كنتي كاتستقبلو علاش كاتكدب.
yak kenti dakhl lnfss mdrassa dialou 3lach katkdeb.,,ياك كنتي داخل لنفسّ مدراسّا ديالو علاش كاتكدب.
yak kenti mrebbi klb 3lach katkdeb.,,ياك كنتي مربّي كلب علاش كاتكدب.
yak kenti mrebbi mcha 3lach katkdeb.,,ياك كنتي مربّي مشا علاش كاتكدب.
yak kenti mrebbi lmchach 3lach katkdeb.,,ياك كنتي مربّي لمشاش علاش كاتكدب.
yak kenti chfti lia m3ah 3lach katkdeb.,,ياك كنتي شفتي ليا معاه علاش كاتكدب.
yak kenti dwiti lia m3ah 3lach katkdeb.,,ياك كنتي دويتي ليا معاه علاش كاتكدب.
yak kenti katd3emou 3lach katkdeb.,,ياك كنتي كاتدعمو علاش كاتكدب.
yak kenti katadaan 3lach katkdeb.,,ياك كنتي كاتادان علاش كاتكدب.
yak kenti katkteb l9issas 3lach katkdeb.,,ياك كنتي كاتكتب لقيسّاس علاش كاتكدب.
yak kenti kmmli lkhdma 3lach katkdeb.,,ياك كنتي كمّلي لخدما علاش كاتكدب.
yak kenti 3a9btih 3lach katkdeb.,,ياك كنتي عاقبتيه علاش كاتكدب.
yak kenti tfrg3ti 3lih 3lach katkdeb.,,ياك كنتي تفرڭعتي عليه علاش كاتكدب.
yak kenti katst3red l9ouwa dialk 3lach katkdeb.,,ياك كنتي كاتستعرد لقووا ديالك علاش كاتكدب.
yak kenti 9ellelt lml7 3lach katkdeb.,,ياك كنتي قلّلت لملح علاش كاتكدب.
yak kenti 7ydti soukkar 3lach katkdeb.,,ياك كنتي حيدتي سوكّار علاش كاتكدب.
yak kenti katn99ez 3lach katkdeb.,,ياك كنتي كاتنقّز علاش كاتكدب.
yak kenti katwejje3 3lach katkdeb.,,ياك كنتي كاتوجّع علاش كاتكدب.
yak kentou katfahmou 3lach katkdeb.,,ياك كنتو كاتفاهمو علاش كاتكدب.
yak kenti rmiti zbel 3lach katkdeb.,,ياك كنتي رميتي زبل علاش كاتكدب.
yak kenti mn3tih mn lkhroj 3lach katkdeb.,,ياك كنتي منعتيه من لخروج علاش كاتكدب.
yak kenti katghowwet 3lach katkdeb.,,ياك كنتي كاتغووّت علاش كاتكدب.
yak kenti chedditi maw3id 3lach katkdeb.,,ياك كنتي شدّيتي ماوعيد علاش كاتكدب.
yak kenti ms7ti nmrtou 3lach katkdeb.,,ياك كنتي مسحتي نمرتو علاش كاتكدب.
yak kenti kat799e9 m3ah 3lach katkdeb.,,ياك كنتي كاتحقّق معاه علاش كاتكدب.
yak kenti katkrhou 3lach katkdeb.,,ياك كنتي كاتكرهو علاش كاتكدب.
yak kenti katrta7 3lach katkdeb.,,ياك كنتي كاترتاح علاش كاتكدب.
yak kenti mawajedch 3lach katkdeb.,,ياك كنتي ماواجدش علاش كاتكدب.
yak kenti katstowred sel3a 3lach katkdeb.,,ياك كنتي كاتستوورد سلعا علاش كاتكدب.
yak kenti katbni lma7al 3lach katkdeb.,,ياك كنتي كاتبني لماحال علاش كاتكدب.
yak kenti katkhaf menou 3lach katkdeb.,,ياك كنتي كاتخاف منو علاش كاتكدب.
yak kenti dima katnta9dou 3lach katkdeb.,,ياك كنتي ديما كاتنتاقدو علاش كاتكدب.
yak kenti katghli l atmina 3lach katkdeb.,,ياك كنتي كاتغلي ل أتمينا علاش كاتكدب.
yak kenti hrban 3lach katkdeb.,,ياك كنتي هربان علاش كاتكدب.
yak kenti fay9 3lach katkdeb.,,ياك كنتي فايق علاش كاتكدب.
yak kenti katcheker fih 3lach katkdeb.,,ياك كنتي كاتشكر فيه علاش كاتكدب.
yak kenti katblassi tonobiltek 3lach katkdeb.,,ياك كنتي كاتبلاسّي تونوبيلتك علاش كاتكدب.
yak kenti mrid 3lach katkdeb.,,ياك كنتي مريد علاش كاتكدب.
yak kenti tab3ou 3lach katkdeb.,,ياك كنتي تابعو علاش كاتكدب.
yak kenti katjri 3lach katkdeb.,,ياك كنتي كاتجري علاش كاتكدب.
yak kenti m9ablou 3lach katkdeb.,,ياك كنتي مقابلو علاش كاتكدب.
yak kenti chadou 3lach katkdeb.,,ياك كنتي شادو علاش كاتكدب.
yak kenti katferej 3lach katkdeb.,,ياك كنتي كاتفرج علاش كاتكدب.
yak kenti baghi tghamer 3lach katkdeb.,,ياك كنتي باغي تغامر علاش كاتكدب.
yak kenti 9ader 3lach katkdeb.,,ياك كنتي قادر علاش كاتكدب.
yak kenti ghadi f7alek 3lach katkdeb.,,ياك كنتي غادي فحالك علاش كاتكدب.
yak kenti m9at3ou 3lach katkdeb.,,ياك كنتي مقاتعو علاش كاتكدب.
yak kenti mwo99e3 hadche 3lach katkdeb.,,ياك كنتي مووقّع هادش علاش كاتكدب.
yak kenti mchark 3lach katkdeb.,,ياك كنتي مشارك علاش كاتكدب.
yak kenti traj3ti 3lach katkdeb.,,ياك كنتي تراجعتي علاش كاتكدب.
yak kenti katfrani 3lach katkdeb.,,ياك كنتي كاتفراني علاش كاتكدب.
yak kenti baghi 3lach katkdeb.,,ياك كنتي باغي علاش كاتكدب.
yak kenti kat3awed 3lach katkdeb.,,ياك كنتي كاتعاود علاش كاتكدب.
yak kenti katkteb daras 3lach katkdeb.,,ياك كنتي كاتكتب داراس علاش كاتكدب.
yak kenti katghedda 3lach katkdeb.,,ياك كنتي كاتغدّا علاش كاتكدب.
yak kenti katt3cha 3lach katkdeb.,,ياك كنتي كاتّعشا علاش كاتكدب.
yak kenti katdareb 3lach katkdeb.,,ياك كنتي كاتدارب علاش كاتكدب.
yak kenti katjmme3 darek 3lach katkdeb.,,ياك كنتي كاتجمّع دارك علاش كاتكدب.
yak kenti katrini 3lach katkdeb.,,ياك كنتي كاتريني علاش كاتكدب.
yak kenti kattsower 3lach katkdeb.,,ياك كنتي كاتّسوور علاش كاتكدب.
yak kenti henne2tih 3lach katkdeb.,,ياك كنتي هنّءتيه علاش كاتكدب.
yak kenti wahd 3lach katkdeb.,,ياك كنتي واهد علاش كاتكدب.
yak kenti habet 3lach katkdeb.,,ياك كنتي هابت علاش كاتكدب.
yak kenti wa9ef 3lach katkdeb.,,ياك كنتي واقف علاش كاتكدب.
yak kenti mjrbou 3lach katkdeb.,,ياك كنتي مجربو علاش كاتكدب.
yak kenti katkhle3ou 3lach katkdeb.,,ياك كنتي كاتخلعو علاش كاتكدب.
yak kenti t9oulebti 3lach katkdeb.,,ياك كنتي تقولبتي علاش كاتكدب.
yak kenti katfter 3lach katkdeb.,,ياك كنتي كاتفتر علاش كاتكدب.
yak kenti dabt omorek 3lach katkdeb.,,ياك كنتي دابت أُمورك علاش كاتكدب.
yak kenti kemmelto 3lach katkdeb.,,ياك كنتي كمّلتو علاش كاتكدب.
yak kenti wellefti 3lach katkdeb.,,ياك كنتي ولّفتي علاش كاتكدب.
yak kenti m9le9 3lach katkdeb.,,ياك كنتي مقلق علاش كاتكدب.
yak kenti thersseti 3lach katkdeb.,,ياك كنتي تهرسّتي علاش كاتكدب.
yak kenti tfd3ti 3lach katkdeb.,,ياك كنتي تفدعتي علاش كاتكدب.
yak kenti twedderti 3lach katkdeb.,,ياك كنتي تودّرتي علاش كاتكدب.
yak kenti kat3zel 3lach katkdeb.,,ياك كنتي كاتعزل علاش كاتكدب.
yak kenti berrerti rassk 3lach katkdeb.,,ياك كنتي برّرتي راسّك علاش كاتكدب.
yak kenti d3afiti 3lach katkdeb.,,ياك كنتي دعافيتي علاش كاتكدب.
yak kenti chritiha 3lach katkdeb.,,ياك كنتي شريتيها علاش كاتكدب.
yak kenti mabaghich tji 3lach katkdeb.,,ياك كنتي ماباغيش تجي علاش كاتكدب.
yak kenti wss3ti darek 3lach katkdeb.,,ياك كنتي وسّعتي دارك علاش كاتكدب.
yak kenti dwiti m3ahoum 3lach katkdeb.,,ياك كنتي دويتي معاهوم علاش كاتكدب.
yak kenti rakeb f taxi 3lach katkdeb.,,ياك كنتي راكب ف تاشي علاش كاتكدب.
yak kenti rakb f tobiss 3lach katkdeb.,,ياك كنتي راكب ف توبيسّ علاش كاتكدب.
yak kenti rakeb f tonobil 3lach katkdeb.,,ياك كنتي راكب ف تونوبيل علاش كاتكدب.
yak kenti sad 3lik 3lach katkdeb.,,ياك كنتي ساد عليك علاش كاتكدب.
yak kenti 7al cherjem 3lach katkdeb.,,ياك كنتي حال شرجم علاش كاتكدب.
yak kenti katsowwer 3lach katkdeb.,,ياك كنتي كاتسووّر علاش كاتكدب.
yak kenti kat3ani 3lach katkdeb.,,ياك كنتي كاتعاني علاش كاتكدب.
yak kenti katn9el 3lach katkdeb.,,ياك كنتي كاتنقل علاش كاتكدب.
yak kenti katblokka 3lach katkdeb.,,ياك كنتي كاتبلوكّا علاش كاتكدب.
yak kenti 3yan 3lach katkdeb.,,ياك كنتي عيان علاش كاتكدب.
yak kenti katstfser 3lach katkdeb.,,ياك كنتي كاتستفسر علاش كاتكدب.
yak kenti khayf 3lach katkdeb.,,ياك كنتي خايف علاش كاتكدب.
yak kenti kaddor f lmall 3lach katkdeb.,,ياك كنتي كادّور ف لمالّ علاش كاتكدب.
yak kenti kattna9ch m3ah 3lach katkdeb.,,ياك كنتي كاتّناقش معاه علاش كاتكدب.
yak kenti kat9ra 3lach katkdeb.,,ياك كنتي كاتقرا علاش كاتكدب.
yak kenti f darek 3lach katkdeb.,,ياك كنتي ف دارك علاش كاتكدب.
yak kenti katstaghellou 3lach katkdeb.,,ياك كنتي كاتستاغلّو علاش كاتكدب.
yak kenti wreti 3lach katkdeb.,,ياك كنتي ورتي علاش كاتكدب.
yak kenti gha katkhrbe9 3lach katkdeb.,,ياك كنتي غا كاتخربق علاش كاتكدب.
yak kenti tkhne9ti 3lach katkdeb.,,ياك كنتي تخنقتي علاش كاتكدب.
yak kenti katbe7er 3lach katkdeb.,,ياك كنتي كاتبحر علاش كاتكدب.
yak kenti charkti f lmoussaba9a 3lach katkdeb.,,ياك كنتي شاركتي ف لموسّاباقا علاش كاتكدب.
yak kenti kat3llem 3lach katkdeb.,,ياك كنتي كاتعلّم علاش كاتكدب.
yak kenti kat7fed 3lach katkdeb.,,ياك كنتي كاتحفد علاش كاتكدب.
yak kenti mwetter 3lach katkdeb.,,ياك كنتي موتّر علاش كاتكدب.
yak kenti katsellel 3lach katkdeb.,,ياك كنتي كاتسلّل علاش كاتكدب.
yak kenti katakoul lkr3in 3lach katkdeb.,,ياك كنتي كاتاكول لكرعين علاش كاتكدب.
yak kenti t3aditi 3lach katkdeb.,,ياك كنتي تعاديتي علاش كاتكدب.
yak kenti katraaj3 3lach katkdeb.,,ياك كنتي كاتراجع علاش كاتكدب.
yak kenti katnseb 3lach katkdeb.,,ياك كنتي كاتنسب علاش كاتكدب.
yak kenti katnfajer 3lach katkdeb.,,ياك كنتي كاتنفاجر علاش كاتكدب.
yak kenti katsken 7daya 3lach katkdeb.,,ياك كنتي كاتسكن حدايا علاش كاتكدب.
yak kenti katkhaf mn ser9zit 3lach katkdeb.,,ياك كنتي كاتخاف من سرقزيت علاش كاتكدب.
yak kenti kat3alj 3lach katkdeb.,,ياك كنتي كاتعالج علاش كاتكدب.
yak kenti f agadir 3lach katkdeb.,,ياك كنتي ف أڭادير علاش كاتكدب.
yak kenti serrebti l mti7an 3lach katkdeb.,,ياك كنتي سرّبتي ل متيحان علاش كاتكدب.
yak kenti katrtteb 7wayjek 3lach katkdeb.,,ياك كنتي كاترتّب حوايجك علاش كاتكدب.
yak kenti chyyerti 3lih b tbssil 3lach katkdeb.,,ياك كنتي شيّرتي عليه ب تبسّيل علاش كاتكدب.
yak kenti tskantiti 3lach katkdeb.,,ياك كنتي تسكانتيتي علاش كاتكدب.
yak kenti wedde3toh 9bl maymchi 3lach katkdeb.,,ياك كنتي ودّعتوه قبل مايمشي علاش كاتكدب.
yak kenti mnkhart m3ahoum 3lach katkdeb.,,ياك كنتي منخارت معاهوم علاش كاتكدب.
yak kenti 3yiti 3lach katkdeb.,,ياك كنتي عييتي علاش كاتكدب.
yak kenti sd3tihoum 3lach katkdeb.,,ياك كنتي سدعتيهوم علاش كاتكدب.
yak kenti galss 3lach katkdeb.,,ياك كنتي ڭالسّ علاش كاتكدب.
yak kenti wakl 3lach katkdeb.,,ياك كنتي واكل علاش كاتكدب.
m3art wach ybghi ybtaker chi 7aja jdida,,معارت واش يبغي يبتاكر شي حاجا جديدا
m3art wach ybghi y7kemni,,معارت واش يبغي يحكمني
m3art wach ybghi y3aane9 chi diyana jdida,,معارت واش يبغي يعانق شي دييانا جديدا
m3art wach ybghi ye3zzini flmout dial walidiya,,معارت واش يبغي يعزّيني فلموت ديال واليدييا
m3art wach ybghi y3awed had l5edma li darha,,معارت واش يبغي يعاود هاد لخدما لي دارها
m3art wach ybghi yakel dak lglace dayb oula la,,معارت واش يبغي ياكل داك لڭلاس دايب ولا لا
m3art wach ybghi yhri l7aja wa5a zaydin 3lih ftamann,,معارت واش يبغي يهري لحاجا واخا زايدين عليه فتامانّ
m3art wach ybghi yettakka 3liya,,معارت واش يبغي يتّاكّا علييا
m3art wach ybghi ytbbe9 3liya dak l9anoun,,معارت واش يبغي يتبّق علييا داك لقانون
m3art wach ybghi y7ress dak lkelb 3endou,,معارت واش يبغي يحرسّ داك لكلب عندو
m3art wach ybghi yrde3,,معارت واش يبغي يردع
m3art wach ybghi yrtabet fhad l3mer,,معارت واش يبغي يرتابت فهاد لعمر
m3art wach ybghi ykoun ra2iis dial had l2idara,,معارت واش يبغي يكون راءيّس ديال هاد لإدارا
m3art wach ybghi ymou fhad l7eerb,,معارت واش يبغي يمو فهاد لحيرب
m3art wach ybghi ytaaber f5demtou,,معارت واش يبغي يتابر فخدمتو
m3art wach ybghi y7ya ou y3awed ymout,,معارت واش يبغي يحيا و يعاود يموت
m3art wach ybghi y7bess dmou3ou oula la,,معارت واش يبغي يحبسّ دموعو ولا لا
m3art wach ybghi ytaared dak lchffar,,معارت واش يبغي يتارد داك لشفّار
m3art wach ybghi yfsed fhad lblad,,معارت واش يبغي يفسد فهاد لبلاد
yak kenti katfekker 3lach katkdeb.,,ياك كنتي كاتفكّر علاش كاتكدب.
yak kenti katraje3 3lach katkdeb.,,ياك كنتي كاتراجع علاش كاتكدب.
yak kenti katra9eb 3lach katkdeb.,,ياك كنتي كاتراقب علاش كاتكدب.
yak kenti katrejje3 dinek 3lach katkdeb.,,ياك كنتي كاترجّع دينك علاش كاتكدب.
yak kenti katkherej lmes2ala 3lach katkdeb.,,ياك كنتي كاتخرج لمسألا علاش كاتكدب.
yak kenti katsog 3lach katkdeb.,,ياك كنتي كاتسوڭ علاش كاتكدب.
yak kenti katggellleb 3lach katkdeb.,,ياك كنتي كاتڭّلّلب علاش كاتكدب.
yak kenti chad train 3lach katkdeb.,,ياك كنتي شاد تراين علاش كاتكدب.
yak kenti katstetmer 3lach katkdeb.,,ياك كنتي كاتستتمر علاش كاتكدب.
yak kenti kat9ehwa 3lach katkdeb.,,ياك كنتي كاتقهوا علاش كاتكدب.
yak kenti katgherbel s7abek 3lach katkdeb.,,ياك كنتي كاتغربل سحابك علاش كاتكدب.
yak kenti katwedde3 3a2iltek 3lach katkdeb.,,ياك كنتي كاتودّع عاإلتك علاش كاتكدب.
yak kenti katchri l aghadi 3lach katkdeb.,,ياك كنتي كاتشري ل أغادي علاش كاتكدب.
yak kenti baghi tweli le3ab dial kora 3lach katkdeb.,,ياك كنتي باغي تولي لعاب ديال كورا علاش كاتكدب.
yak kenti kat7eddani 3lach katkdeb.,,ياك كنتي كاتحدّاني علاش كاتكدب.
yak kenti katmender 3lach katkdeb.,,ياك كنتي كاتمندر علاش كاتكدب.
yak kenti katmenna tsafer 3lach katkdeb.,,ياك كنتي كاتمنّا تسافر علاش كاتكدب.
yak kenti kat7aawer m3ah 3lach katkdeb.,,ياك كنتي كاتحاور معاه علاش كاتكدب.
yak kenti katselle9 chjr 3lach katkdeb.,,ياك كنتي كاتسلّق شجر علاش كاتكدب.
yak kenti katfssel twab 3lach katkdeb.,,ياك كنتي كاتفسّل تواب علاش كاتكدب.
yak kenti makat7aafdch 3la slatek 3lach katkdeb.,,ياك كنتي ماكاتحافدش علا سلاتك علاش كاتكدب.
yak kenti katnseb 3la nass 3lach katkdeb.,,ياك كنتي كاتنسب علا ناسّ علاش كاتكدب.
yak kenti kat7wwel l2amlak b smytek 3lach katkdeb.,,ياك كنتي كاتحوّل لأملاك ب سميتك علاش كاتكدب.
yak kenti nta li kat9errer 3lach katkdeb.,,ياك كنتي نتا لي كاتقرّر علاش كاتكدب.
yak kenti katdarreb bezzaf 3lach katkdeb.,,ياك كنتي كاتدارّب بزّاف علاش كاتكدب.
yak kenti katmecha bchwia 3lach katkdeb.,,ياك كنتي كاتمشا بشويا علاش كاتكدب.
yak kenti kat7essen 3lach katkdeb.,,ياك كنتي كاتحسّن علاش كاتكدب.
yak kenti katgabel nass 3lach katkdeb.,,ياك كنتي كاتڭابل ناسّ علاش كاتكدب.
yak kenti katchri dipoat 3lach katkdeb.,,ياك كنتي كاتشري ديپوات علاش كاتكدب.
yak kenti katcharji tiliphonek 3lach katkdeb.,,ياك كنتي كاتشارجي تيليپهونك علاش كاتكدب.
yak kenti katba7t 3la had lmawdou3 3lach katkdeb.,,ياك كنتي كاتباحت علا هاد لماودوع علاش كاتكدب.
yak kenti baghi twsl lmanssib 3aali 3lach katkdeb.,,ياك كنتي باغي توسل لمانسّيب عالي علاش كاتكدب.
yak kenti katstow3eb t9il 3lach katkdeb.,,ياك كنتي كاتستووعب تقيل علاش كاتكدب.
yak kenti makat3rfch tchte7 3lach katkdeb.,,ياك كنتي ماكاتعرفش تشتح علاش كاتكدب.
yak kenti katfi9 m3ettel 3lach katkdeb.,,ياك كنتي كاتفيق معتّل علاش كاتكدب.
yak kenti katsellel west drouba 3lach katkdeb.,,ياك كنتي كاتسلّل وست دروبا علاش كاتكدب.
yak kenti kadareb m3ah dima 3lach katkdeb.,,ياك كنتي كادارب معاه ديما علاش كاتكدب.
yak kenti makat7emlouch 3lach katkdeb.,,ياك كنتي ماكاتحملوش علاش كاتكدب.
yak kenti katsme3 lhdrti 3lach katkdeb.,,ياك كنتي كاتسمع لهدرتي علاش كاتكدب.
yak kenti katn99et khayb 3lach katkdeb.,,ياك كنتي كاتنقّت خايب علاش كاتكدب.
yak kenti katrje3 bkri 3lach katkdeb.,,ياك كنتي كاترجع بكري علاش كاتكدب.
yak kenti wedderti lja2iza 3lach katkdeb.,,ياك كنتي ودّرتي لجاإزا علاش كاتكدب.
yak kenti baghi tbellegh lbouliss 3lach katkdeb.,,ياك كنتي باغي تبلّغ لبوليسّ علاش كاتكدب.
yak kenti tfiti do 3lach katkdeb.,,ياك كنتي تفيتي دو علاش كاتكدب.
yak kenti rta7iti 3lach katkdeb.,,ياك كنتي رتاحيتي علاش كاتكدب.
yak kenti katghech 3lach katkdeb.,,ياك كنتي كاتغش علاش كاتكدب.
yak sbagha kat9echer 3lach katkdeb.,,ياك سباغا كاتقشر علاش كاتكدب.
m3art wach ybghi ysterni ou la la,,معارت واش يبغي يسترني و لا لا
m3art wach ybghi baarek liya,,معارت واش يبغي بارك لييا
m3art wach ybghi y5tare9 hadchi,,معارت واش يبغي يختارق هادشي
m3art wach ybghi ydaa3ef liya 5demti,,معارت واش يبغي يداعف لييا خدمتي
m3art wach ybghi ydmejou had ta9afa fl9raya dialna,,معارت واش يبغي يدمجو هاد تاقافا فلقرايا ديالنا
m3art wach ybghi yderreb dik lfer9a dial bladou,,معارت واش يبغي يدرّب ديك لفرقا ديال بلادو
m3art wach ybghi testenzef had lmawrid,,معارت واش يبغي تستنزف هاد لماوريد
m3art wach ybghi yftared hadchi,,معارت واش يبغي يفتارد هادشي
m3art wach ybghi ychri had l7out,,معارت واش يبغي يشري هاد لحوت
m3art wach ybghi t9edda men hna,,معارت واش يبغي تقدّا من هنا
m3art wach ybghi ytsabe9 m3ana,,معارت واش يبغي يتسابق معانا
m3art wach ybghi ycherref bladou,,معارت واش يبغي يشرّف بلادو
m3art wach ybghi yjemmed had l3assir,,معارت واش يبغي يجمّد هاد لعاسّير
m3art wach ybghi ydaawini,,معارت واش يبغي يداويني
m3art wach ybghi ytbadel m3aya hadchi,,معارت واش يبغي يتبادل معايا هادشي
m3art wach ybghi ytaaredni oula la,,معارت واش يبغي يتاردني ولا لا
m3art wach ybghi stehelk had lmakla,,معارت واش يبغي ستهلك هاد لماكلا
m3art wach ybghi ye5chi douk lflouss fjibou,,معارت واش يبغي يخشي دوك لفلوسّ فجيبو
m3art wach ybghi ytsennani,,معارت واش يبغي يتسنّاني
m3art wach ybghi ydouz men had jbel,,معارت واش يبغي يدوز من هاد جبل
m3art wach ybghi ybeddel dik lgormita,,معارت واش يبغي يبدّل ديك لڭورميتا
m3art wach ybghi yestslem oula la,,معارت واش يبغي يستسلم ولا لا
m3art wach ybghi yzziyerna ftri9,,معارت واش يبغي يزّييرنا فتريق
m3art wach ybghi yn9ess men lflouss li 5ay5sserha,,معارت واش يبغي ينقسّ من لفلوسّ لي خايخسّرها
m3art wach ybghi ymiyez bin douk l2awlwan,,معارت واش يبغي يمييز بين دوك لأولوان
m3art wach ybghi y3len 3la dak l5bar,,معارت واش يبغي يعلن علا داك لخبار
m3art wach ybghi ysale7 ma bin 5oto,,معارت واش يبغي يسالح ما بين خوتو
m3art wach ybghi ybda chi mechro3 jdid,,معارت واش يبغي يبدا شي مشروع جديد
m3art wach ybghi ynesse9 ma bin had ljam3iya bach t5dem m3a la5ra,,معارت واش يبغي ينسّق ما بين هاد لجامعييا باش تخدم معا لاخرا
m3art wach ybghi yn3ess hna,,معارت واش يبغي ينعسّ هنا
m3art wach ybghi ti 3lih le3na,,معارت واش يبغي تي عليه لعنا
m3art wach ybghi yteyyeb m3ana,,معارت واش يبغي يتيّب معانا
m3art wach ybghi yetwi douk l7wayj,,معارت واش يبغي يتوي دوك لحوايج
m3art wach ybghi tkhroj,,معارت واش يبغي تخروج
m3art wach ybghi yskot,,معارت واش يبغي يسكوت
m3art wach ybghi ychte7.,,معارت واش يبغي يشتح.
m3art wach ybghi yfi9 bkri.,,معارت واش يبغي يفيق بكري.
m3art wach ybghi ysafer.,,معارت واش يبغي يسافر.
m3art wach ybghi ybeddel telephone.,,معارت واش يبغي يبدّل تلپهون.
m3art wach ybghi yl3eb.,,معارت واش يبغي يلعب.
m3art wach ybghi ytzle9.,,معارت واش يبغي يتزلق.
m3art wach ybghi yrkeb m3aya.,,معارت واش يبغي يركب معايا.
m3art wach ybghi ychd tri9.,,معارت واش يبغي يشد تريق.
m3art wach ybghi ybe3ed.,,معارت واش يبغي يبعد.
m3art wach ybghi yrj3 f7alou.,,معارت واش يبغي يرجع فحالو.
m3art wach ybghi y9ad m3aya dar.,,معارت واش يبغي يقاد معايا دار.
m3art wach ybghi y9lb 3la khdma.,,معارت واش يبغي يقلب علا خدما.
m3art wach ybghi ykobb lia lma,,معارت واش يبغي يكوبّ ليا لما
m3art wach ybghi ychri lia chnou bghit.,,معارت واش يبغي يشري ليا شنو بغيت.
m3art wach ybghi yrje3 llour.,,معارت واش يبغي يرجع اللور.
m3art wach ybghi yrssem m3aya.,,معارت واش يبغي يرسّم معايا.
m3art wach ybghi yt9yed f had lmdrassa.,,معارت واش يبغي يتقيد ف هاد لمدراسّا.
m3art wach ybghi y7seb m3aya lflouss,,معارت واش يبغي يحسب معايا لفلوسّ
m3art wach ybghi yglss m3ana.,,معارت واش يبغي يڭلسّ معانا.
m3art wach ybghi yimprimi lia tsawri,,معارت واش يبغي ييمپريمي ليا تساوري
m3art wach ybghi ymchi 3nd tbib,,معارت واش يبغي يمشي عند تبيب
m3art wach ybghi had l7wayj.,,معارت واش يبغي هاد لحوايج.
m3art wach ybghi ydekhel binathoum,,معارت واش يبغي يدخل بيناتهوم
m3art wach ybghi ybat m3ana.,,معارت واش يبغي يبات معانا.
m3art wach ybghi ychark f had lmo3arada.,,معارت واش يبغي يشارك ف هاد لموعارادا.
m3art wach ybghi yched had projet.,,معارت واش يبغي يشد هاد پروجت.
m3art wach ybghi ychark f had l7tijaj.,,معارت واش يبغي يشارك ف هاد لحتيجاج.
m3art wach ybghi ybeddel m3aya blassa,,معارت واش يبغي يبدّل معايا بلاسّا
m3art wach ybghi yched had lkhdma.,,معارت واش يبغي يشد هاد لخدما.
m3art wach ybghi yt7ewel l had dar.,,معارت واش يبغي يتحول ل هاد دار.
m3art wach ybghi yji lmdina akhra,,معارت واش يبغي يجي لمدينا أخرا
m3art wach ybghi y9ra had lktab.,,معارت واش يبغي يقرا هاد لكتاب.
m3art wach ybghi ybdl khdmtou.,,معارت واش يبغي يبدل خدمتو.
m3art wach ybghi yjm3 m3aya dnya.,,معارت واش يبغي يجمع معايا دنيا.
m3art wach ybghi yji l3ndi.,,معارت واش يبغي يجي لعندي.
m3art wach ybghi yt3lm design.,,معارت واش يبغي يتعلم دسيڭن.
m3art wach ybghi ytle3 lfo9.,,معارت واش يبغي يتلع لفوق.
m3art wach ybghi ysta9al.,,معارت واش يبغي يستاقال.
m3art wach ybghi yhbt ljanoub.,,معارت واش يبغي يهبت لجانوب.
m3art wach ybghi yt7errek m3aya l chi mdina.,,معارت واش يبغي يتحرّك معايا ل شي مدينا.
m3art wach ybghi yzid chi yamat.,,معارت واش يبغي يزيد شي يامات.
m3art wach ybghi ymchi lb7r.,,معارت واش يبغي يمشي لبحر.
m3art wach ybghi ytl3 lghaba.,,معارت واش يبغي يتلع لغابا.
m3art wach ybghi ydir picnic.,,معارت واش يبغي يدير پيكنيك.
m3art wach ybghi ybdl had lbssa.,,معارت واش يبغي يبدل هاد لبسّا.
m3art wach ybghi yakhoud had dar.,,معارت واش يبغي ياخود هاد دار.
m3art wach ybghi ykri f had lminta9a.,,معارت واش يبغي يكري ف هاد لمينتاقا.
m3art wach ybghi ychri had ri7a.,,معارت واش يبغي يشري هاد ريحا.
m3art wach ybghi yetnazel 3la dik l9adiya,,معارت واش يبغي يتنازل علا ديك لقادييا
m3art wach ybghi yjdded dik lcontra dialo m3a lpatron,,معارت واش يبغي يجدّد ديك لكونترا ديالو معا لپاترون
m3art wach ybghi y9ad chi ma7al zwina fhad chari3,,معارت واش يبغي يقاد شي ماحال زوينا فهاد شاريع
m3art wach ybghi y5ellet dik lmakla kolha,,معارت واش يبغي يخلّت ديك لماكلا كولها
m3art wach ybghi y7edd men dik l5edma oula ykmel fiha,,معارت واش يبغي يحدّ من ديك لخدما ولا يكمل فيها
m3art wach ybghi yserfe9ni lwalid ila dwit m3ah b7alokak oula la,,معارت واش يبغي يسرفقني لواليد إلا دويت معاه بحالوكاك ولا لا
m3art wach ybghi ywejjeh liya de3wa l3erss dialo,,معارت واش يبغي يوجّه لييا دعوا لعرسّ ديالو
m3art wach ybghi skat bach yrkkez.,,معارت واش يبغي سكات باش يركّز.
m3art wach ybghi ydi lbotola ou howa kaystahel oula ma3endo ta mochkil,,معارت واش يبغي يدي لبوتولا و هووا كايستاهل ولا ماعندو تا موشكيل
m3art wach ybghi ynezel liya taman,,معارت واش يبغي ينزل لييا تامان
m3art wach ybghi rezervi chi bit zwin fhad l2otel,,معارت واش يبغي رزرڤي شي بيت زوين فهاد لأتل
m3art wach ybghi yest9bel douk dyaf ou ykremhom,,معارت واش يبغي يستقبل دوك دياف و يكرمهوم
m3art wach ybghi yttowwer men 7yatou ou 7yat 3a2iltou,,معارت واش يبغي يتّووّر من حياتو و حيات عاإلتو
m3art wach ybghi yrebbi douk lklab,,معارت واش يبغي يربّي دوك لكلاب
m3art wach ybghi yrebbi douk lmchach,,معارت واش يبغي يربّي دوك لمشاش
m3art wach ybghi y5essess lrassou we9t dial ra7a,,معارت واش يبغي يخسّسّ لراسّو وقت ديال راحا
m3art wach ybghi yfsser lia chnou tari,,معارت واش يبغي يفسّر ليا شنو تاري
m3art wach ybghi y7ot had lma9ala f journan,,معارت واش يبغي يحوت هاد لماقالا ف جورنان
m3art wach ybghi ytla9ah,,معارت واش يبغي يتلاقاه
m3art wach ybghi ytfawd m3aya,,معارت واش يبغي يتفاود معايا
m3art wach ybghi y7ellel had lma9ala.,,معارت واش يبغي يحلّل هاد لماقالا.
m3art wach ybghi had smiya.,,معارت واش يبغي هاد سمييا.
m3art wach ybghi ytjebed 7daya.,,معارت واش يبغي يتجبد حدايا.
m3art wach ybghi ymchi ichouf tbib.,,معارت واش يبغي يمشي إشوف تبيب.
m3art wach ybghi yhrb m3aya,,معارت واش يبغي يهرب معايا
m3art wach ybghi ysellefni,,معارت واش يبغي يسلّفني
m3art wach ybghi ytsellef mn 3ndi.,,معارت واش يبغي يتسلّف من عندي.
m3art wach ybghi ysbegh lia dar.,,معارت واش يبغي يسبغ ليا دار.
m3art wach ybghi y7edded lia chnou khassni ndir.,,معارت واش يبغي يحدّد ليا شنو خاسّني ندير.
m3art wach ybghi y3tini dk lmika.,,معارت واش يبغي يعتيني دك لميكا.
m3art wach ybghi ywerini dkchi li chra.,,معارت واش يبغي يوريني دكشي لي شرا.
m3art wach ybghi yne3t lia fin kra.,,معارت واش يبغي ينعت ليا فين كرا.
m3art wach ybghi ytfa3l m3aya,,معارت واش يبغي يتفاعل معايا
m3art wach ybghi n3tih had lboita,,معارت واش يبغي نعتيه هاد لبوتا
m3art wach ybghi y7essen rassou.,,معارت واش يبغي يحسّن راسّو.
m3art wach ybghi wjjed lia had jellaba 9bl l3id,,معارت واش يبغي وجّد ليا هاد جلّابا قبل لعيد
m3art wach ybghi ykri lia darou,,معارت واش يبغي يكري ليا دارو
m3art wach ybghi y9aad lia had lkswa,,معارت واش يبغي يقاد ليا هاد لكسوا
m3art wach ybghi yn9ss lia had serwal.,,معارت واش يبغي ينقسّ ليا هاد سروال.
m3art wach ybghi ysiftlia dik l amana.,,معارت واش يبغي يسيفتليا ديك ل أمانا.
m3art wach ybghi ydkhol l had so9.,,معارت واش يبغي يدخول ل هاد سوق.
m3art wach ybghi ymchi l had lbal.,,معارت واش يبغي يمشي ل هاد لبال.
m3art wach ybghi ykri guide.,,معارت واش يبغي يكري ڭويد.
m3art wach ybghi y9ne3ou yji m3ana.,,معارت واش يبغي يقنعو يجي معانا.
m3art wach ybghi ybda tdribat lyouma.,,معارت واش يبغي يبدا تدريبات ليوما.
m3art wach ybghi ydkhol l la salle.,,معارت واش يبغي يدخول ل لا سالّ.
m3art wach ybghi ydo99 3lihoum,,معارت واش يبغي يدوقّ عليهوم
m3art wach ybghi y3rd 3lihoum.,,معارت واش يبغي يعرد عليهوم.
m3art wach ybghi ytkhella 3la had snade9,,معارت واش يبغي يتخلّا علا هاد سنادق
m3art wach ybghi yjawebou fblasti,,معارت واش يبغي يجاوبو فبلاستي
m3art wach ybghi ykhellet had l3assir.,,معارت واش يبغي يخلّت هاد لعاسّير.
m3art wach ybghi yfixi lia had l7dida,,معارت واش يبغي يفيشي ليا هاد لحديدا
m3art wach ybghi ydkhol l7ammam,,معارت واش يبغي يدخول لحامّام
m3art wach ybghini ntchawer m3ah,,معارت واش يبغيني نتشاور معاه
m3art wach ybghi y9sem m3aya,,معارت واش يبغي يقسم معايا
m3art wach ybghi ynkharet f had ljam3ya,,معارت واش يبغي ينخارت ف هاد لجامعيا
m3art wach ybghi y7e99e9 m3aya f had l9adia,,معارت واش يبغي يحقّق معايا ف هاد لقاديا
m3art wach ybghi y3rf chnou houma l9awanin,,معارت واش يبغي يعرف شنو هوما لقاوانين
m3art wach ybghi ydir lia l3amaliya.,,معارت واش يبغي يدير ليا لعامالييا.
m3art wach ybghi ywessel lia t9dya,,معارت واش يبغي يوسّل ليا تقديا
m3art wach ybghi ywessel lih kkhbar,,معارت واش يبغي يوسّل ليه الكهبار
m3art wach ybghi ydfe3 l had lmdrassa,,معارت واش يبغي يدفع ل هاد لمدراسّا
m3art wach ybghi yn3ss daba.,,معارت واش يبغي ينعسّ دابا.
m3art wach ybghi yms7 m3aya had jaja.,,معارت واش يبغي يمسح معايا هاد جاجا.
m3art wach ybghi yl5i lmaw3id li 3ndou.,,معارت واش يبغي يلخي لماوعيد لي عندو.
m3art wach ybghi ytrjm lia had lwra9,,معارت واش يبغي يترجم ليا هاد لوراق
m3art wach ybghi ydir ta9a3od mosaba9,,معارت واش يبغي يدير تاقاعود موساباق
m3art wach ybghi ychref 3la had lmechro3,,معارت واش يبغي يشرف علا هاد لمشروع
m3art wach ybghi ylachi ou la ba9i,,معارت واش يبغي يلاشي و لا باقي
m3art wach ybghi d3em dak lmechro3 li bditou,,معارت واش يبغي دعم داك لمشروع لي بديتو
m3art wach ybghi ykteb liya chi jomla b7al hadi,,معارت واش يبغي يكتب لييا شي جوملا بحال هادي
m3art wach ybghi ykmmel l9raya dial dik l9issa,,معارت واش يبغي يكمّل لقرايا ديال ديك لقيسّا
m3art wach ybghi 3a9ebni oula la,,معارت واش يبغي عاقبني ولا لا
m3art wach ybghi st3red.,,معارت واش يبغي ستعرد.
