"ana","nta","nti","howa","hia","7na","ntoma","homa"
"klit","kliti","kliti","kla","klat","klina","klito","klaw"
"chrbt","chrebti","chrebti","chreb","cherbat","chrebna","chrebto","cherbo"
"dkhelt","dkhelti","dkhelti","dkhel","dkhlat","dkhelna","dkhelto","dkhlo"
"khrejt","khrejti","khrejti","khrej","khrjat","khrejna","khrejto","khrjo"
"f8emt","f8emti","f8emti","f8em","f8mat","f8mna","f8mto","f8mo"
"chre7t","chre7ti","chre7ti","chre7","chr7at","chre7na","chre7to","chr7o"
"9rit","9riti","9riti","9ra","9rat","9rina","9rito","9raw"
"9rrit","9rriti","9rriti","9erra","9errat","9errina","9errito","9erraw"
"sme3t","sme3ti","sme3ti","sme3","sm3at","sm3na","sm3to","sm3o"
"cheft","chfti","chfti","chaf","chaft","chfna","chfto","chafo"
"chmmit","chmmiti","chmmiti","chm","chmmat","chmmina","chmmito","chmmo"
"d9t","d9ti","d9ti","da9","da9t","d9na","d9to","da9o"
"9st","9sti","9sti","9as","9ast","9sna","9sto","9aso"
"mchit","mchiti","mchiti","mcha","mchat","mchina","mchito","mchaw"
"jit","jiti","jiti","ja","jat","jina","jito","jaw"
"tl3t","tl3ti","tl3ti","tl3","tl3at","tl3na","tl3to","tl3o"
"nzlt","nzlti","nzlti","nzl","nzlat","nzlna","nzlto","nzlo"
"3mt","3mti","3mti","3am","3amt","3mna","3mto","3amo"
"ghr9t","ghr9ti","ghr9ti","ghr9","ghr9at","ghr9na","ghr9to","ghr9o"
"lbst","lbsti","lbsti","lbs","lbsat","lbsna","lbsto","lbso"
"sltt","sltti","sltti","slt","sltat","sltna","sltto","slto"
"chrit","chriti","chriti","chra","chrat","chrina","chrito","chraw"
"b3t","b3ti","b3ti","ba3","ba3t","b3na","b3to","ba3o"
"ttawit","ttawiti","ttawiti","ttawa","ttawat","ttawina","ttawito","ttawaw"
"ktbt","ktbti","ktbti","ktb","ktbat","ktbna","ktbto","ktbo"
"ms7t","ms7ti","ms7ti","ms7","ms7at","ms7na","ms7to","ms7o"
"drbt","drbti","drbti","drab","drbat","drbna","drbto","drbo"
"tsalmt","tsalmti","tsalmti","tsalm","tsalmat","tsalmna","tsalmto","tsalmo"
"3yit","3yiti","3yiti","3ya","3yat","3yina","3yito","3yaw"
"tskhskht","tskhskhti","tskhskhti","tskhskh","tskhskhat","tskhskhna","tskhskhto","tskhskho"
"D7kt","D7kti","D7kti","D7k","D7kat","D7kna","D7kto","D7ko"
"ghdbt","ghdbti","ghdbti","ghdb","ghdbat","ghdbna","ghdbto","ghdbo"
"jbt","jbti","jbti","jab","jabt","jbna","jbto","jabo"
"knt","knti","knti","kan","kant","knna","knto","kano"
"drt","drti","drti","dar","dart","drna","drto","daro"
"glt","glti","glti","gal","galt","glna","glto","galo"
"cheddit","chedditi","chedditi","chedd","cheddat","cheddina","cheddito","cheddo"
"fkkrt","fkkrti","fkkrti","fkkr","fkkrat","fkkrna","fkkrto","fkkro"
"bit","biti","biti","ba","bat","bina","bito","baw"
"bghit","bghiti","bghiti","bgha","bghat","bghina","bghito","bghaw"
"l9it","l9iti","l9iti","l9a","l9at","l9ina","l9ito","l9aw"
"3Tit","3Titi","3Titi","3Ta","3Tat","3Tina","3Tito","3Taw"
"khdmt","khdmti","khdmti","khdm","khdmat","khdmna","khdmto","khdmo"
"3yeTt","3yeTti","3yeTti","3yeT","3yTat","3yTna","3yTto","3yTo"
"khaSni","khaSk","khaSk","khaSSo","khaSha","khaSna","khaSkom","khaShom"
"7essit","7essiti","7essiti","7ess","7essat","7essina","7essito","7esso"
"wllit","wlliti","wlliti","wlla","wllat","wllina","wllito","wllaw"
"7TTit","7TTiti","7TTiti","7TT","7TTat","7TTina","7TTito","7TTo"
"3nit","3niti","3niti","3na","3nat","3nina","3nito","3naw"
"bdit","bditi","bditi","bda","bdat","bdina","bdito","bdaw"
"l9it","l9iti","l9iti","l9a","l9at","l9ina","l9ito","l9aw"
"3jbt","3jbti","3jbti","3jb","3jbat","3jbna","3jbto","3jbo"
"khbrt","khbrti","khbrti","khbr","khbrat","khbrna","khbrto","khbro"
"3awnt","3awnti","3awnti","3awn","3awnat","3awnna","3awnto","3awno"
"wjjdt","wjjdti","wjjdti","wjjd","wjjdat","wjjdna","wjjdto","wjjdo"
"2amnt","2amnti","2amnti","2amn","2amnat","2amnna","2amnto","2amno"
"7awlt","7awlti","7awlti","7awl","7awlat","7awlna","7awlto","7awlo"
"jrrbt","jrrbti","jrrbti","jrrb","jrrbat","jrrbna","jrrbto","jrrbo"
"swwlt","swwlti","swwlti","swwl","swwlat","swwlna","swwlto","swllo"
"tfkkrt","tfkkrti","tfkkrti","tfkkr","tfkkrat","tfkkrna","tfkkrto","tfkkro"
"mchit","mchiti","mchiti","mcha","mchat","mchina","mchito","mchaw"
"byyent","byyenti","byyenti","byyen","byynat","byynna","byynto","byyno"
"l3bt","l3bti","l3bti","l3b","l3bat","l3bna","l3bto","l3bo"
"jrit","jriti","jriti","jra","jrat","jrina","jrito","jraw"
"9rit","9riti","9riti","9ra","9rat","9rina","9rito","9raw"
"salit","saliti","saliti","sala","salat","salina","salito","salaw"
"9TT3t","9TT3ti","9TT3ti","9TT3","9TT3at","9TT3na","9TT3to","9TT3o"
"8Drt","8Drti","8Drti","8Dr","8Drat","8Drna","8Drto","8Dro"
"chkrt","chkrti","chkrti","chker","chkrat","chkerna","chkerto","chkro"
"bddelt","bddlti","bddlti","bddel","bddlat","bddlna","bddlto","bddlo"
"kmmelt","kmmelti","kmmelti","kmmel","kmmlat","kmmlna","kmmlto","kmmlo"
"ftarDt","ftarDti","ftarDti","ftarD","ftarDat","ftarDna","ftarDto","ftarDo"
"tmnnit","tmnniti","tmnniti","tmnna","tmnnat","tmnnina","tmnnito","tmnnaw"
"tb3t","tb3ti","tb3ti","tb3","tb3at","tb3na","tb3to","tb3o"
"9blt","9blti","9blti","9bl","9blat","9blna","9blto","9blo"
"rfDt","rfDti","rfDti","rfD","rfDat","rfDna","rfDto","rfDo"
"w93t","w93ti","w93ti","w93","w93at","w93na","w93to","w93o"
"glst","glsti","glsti","gls","glsat","glsna","glsto","glso"
"rb7t","rb7ti","rb7ti","rb7","rb7at","rb7na","rb7to","rb7o"
"zedt","zdti","zdti","zad","zadt","zdna","zdto","zado"
"t3llmt","t3llmti","t3llmti","t3llm","t3llmat","t3llmna","t3llmto","t3llmo"
"tsnnit","tsnniti","tsnniti","tsnna","tsnnat","tsnnina","tsnnito","tsnnaw"
"sifTt","sifTti","sifTti","sifT","sifTat","sifTna","sifTto","sifTo"
"b3t","b3ti","b3ti","ba3","ba3t","b3na","b3to","ba3o"
"7ellit","7elliti","7elliti","7ell","7ellat","7ellina","7ello","7ello"
"bnit","bniti","bniti","bna","bnat","bina","bnito","bnaw"
"khtarit","khtariti","khtariti","khtar","khtart","khtarina","khtarito","khtaro"
"wSlt","wSlti","wSlti","wSl","wSlat","wSlna","wSlto","wSlo"
"9errert","9erreti","9erreti","9rrer","9errerat","9errerna","9errerto","9errero"
"nchTt","nchTti","nchTti","nchT","nchTat","nchTna","nchTto","nchTo"
"tfrrjt","tfrrjti","tfrrjti","tfrrj","tfrrjat","tfrrjna","tfrrjto","tfrrjo"
"khsrt","khsrti","khsrti","khsr","khsrat","khsrna","khsrto","khsro"
"tmchchit","tmchchiti","tmchchiti","tmchcha","tmchchat","tmchchina","tmchchito","tmchchaw"
"kbbrt","kbbrti","kbbrti","kbbr","kbbrat","kbbrna","kbbrto","kbbro"
"tkhyylt","tkhyylti","tkhyylti","tkhyyl","tkhyylat","tkhyylna","tkhyylto","tkhyylo"
"sbbebt","sbbebti","sbbebti","sbbeb","sbbebat","sbbebna","sbbebto","sbbebo"
"8rrst","8rrsti","8rrsti","8rrs","8rrsat","8rrsna","8rrsto","8rrso"
"sme3t","sme3ti","sme3ti","sme3","sem3at","sme3na","sme3to","sm3o"
"kbrt","kbrti","kbrti","kbr","kbrat","kbrna","kbrto","kbro"
"met","metti","metti","mat","matet","mtna","mtto","mato"
"twffit","twffiti","twffiti","twffa","twffat","twffina","twffito","twffaw"
"zrt","zrti","zrti","zar","zart","zrna","zrto","zaro"
"chejje3t","chejje3ti","chejje3ti","chjje3","chejje3at","chejje3na","chejje3to","chejje3o"
"7amit","7amiti","7amiti","7ama","7amat","7amina","7amito","7amaw"
"nchrt","nchrti","nchrti","nchr","nchrat","nchrna","nchrto","nchro"
"9tlt","9tlti","9tlti","9tl","9tlat","9tlna","9tlto","9tlo"
"sgt","sgti","sgti","sag","sagt","sgna","sgto","sago"
"kdbt","kdbti","kdbti","kdb","kdbat","kdbna","kdbto","kdbo"
"t9aj7t","t9aj7ti","t9aj7ti","t9aj7","t9aj7at","t9aj7na","t9aj7to","t9aj7o"
"7yyedt","7yyedti","7yyedti","7yyed","7yydat","7yydna","7yydto","7yydo"
"ddabzt","ddabzti","ddabzti","ddabz","ddabzat","ddabzna","ddabzto","ddabzo"
"3mmrt","3mmrti","3mmrti","3mmr","3mmrat","3mmrna","3mmrto","3mmro"
"safrt","safrti","safrti","safr","safrat","safrna","safrto","safro"
"7Drt","7Drti","7Drti","7Dr","7Drat","7Drna","7Drto","7Dro"
"9sse7t","9sse7ti","9sse7ti","9sse7","9ess7at","9esse7na","9esse7to","9ess7o"
"3anit","3aniti","3aniti","3ana","3anat","3anina","3anito","3anaw"
"zglt","zglti","zglti","zgl","zglat","zglna","zglto","zglo"
"l9it","l9iti","l9iti","l9a","l9at","l9ina","l9ito","l9aw"
"lguit","lguiti","lguiti","lga","lgat","lguina","lguito","lgaw"
"3bbrt","3bbrti","3bbrti","3bbr","3bbrat","3bbrna","3bbrto","3bbro"
"rkkzt","rkkzti","rkkzti","rkkz","rkkzat","rkkzna","rkkzto","rkkzo"
"l7t","l7ti","l7ti","la7","la7t","l7na","l7to","la7o"
"Sawbt","Sawbti","Sawbti","Sawb","Sawbat","Sawbna","Sawbto","Sawbo"
"9rit","9riti","9riti","9ra","9rat","9rina","9rito","9raw"
"df3t","df3ti","df3ti","df3","df3at","df3na","df3to","df3o"
"wrrkt","wrrkti","wrrkti","wrrk","wrrkat","wrrkna","wrrkto","wrrko"
"wSlt","wSlti","wSlti","wSl","wSlat","wSlna","wSlto","wSlo"
"Sonit","Soniti","Soniti","Sona","Sonat","Sonina","Sonito","Sonaw"
"jm3t","jm3ti","jm3ti","jm3","jm3at","jm3na","jm3to","jm3o"
"8rbt","8rbti","8rbti","8rb","8rbat","8rbna","8rbto","8rbo"
"r77bt","r77bti","r77bti","r77b","r77bat","r77bna","r77bto","r77bo"
"3wwlt","3wwlti","3wwlti","3wwl","3wwlat","3wwlna","3wwlto","3wwlo"
"t9t","t9ti","t9ti","ta9","ta9t","t9na","t9to","ta9o"
"3awdt","3awdti","3awdti","3awd","3awdat","3awdna","3awdto","3awdo"
"khTTeTt","khTTeTti","khTTeTti","khTTeT","khTTeTat","khTTeTna","khTTeTto","khTTeTo"
"frcht","frchti","frchti","frch","frchat","frchna","frchto","frcho"
"2kkdt","2kkdti","2kkdti","2kkd","2kkdat","2kkdna","2kkdto","2kkdo"
"kr8t","kr8ti","kr8ti","kr8","kr8at","kr8na","kr8to","kr8o"
"tjwwjt","tjwwjti","tjwwjti","tjwwj","tjwwjat","tjwwjna","tjwwjto","tjwwjo"
"9smt","9smti","9smti","9sm","9smat","9smna","9smto","9smo"
"tbnnit","tbnniti","tbnniti","tbnna","tbnnat","tbnnina","tbnnito","tbnnaw"
"tja8lt","tja8lti","tja8lti","tja8l","tja8lat","tja8lna","tja8lto","tjahlo"
"3rrft","3rrfti","3rrti","3rrf","3rrfat","3rrfna","3rrfto","3rrfo"
"9ddmt","9ddmti","9ddmti","9ddm","9ddmat","9ddmna","9ddmto","9ddmo"
"trinit","triniti","triniti","trina","trinat","trinina","trinito","trinaw"
"br8nt","br8nti","br8nti","br8n","br8nat","br8nna","br8nto","br8no"
"9n3t","9n3ti","9n3ti","9n3","9n3at","9n3na","9n3to","9n3o"
"9ll3t","9ll3ti","9ll3ti","9ll3","9ll3at","9ll3na","9ll3to","9ll3o"
"Swwtt","Swwtti","Swwtti","Swwt","Swwtat","Swwtna","Swwtto","Swwto"
"nkrt","nkrti","nkrti","nkr","nkrat","nkrna","nkrto","nkro"
"khbbit","khbbiti","khbbiti","khbba","khbbat","khbbina","khbbito","khbbaw"
"nj7t","nj7ti","nj7ti","nj7","nj7at","nj7na","nj7to","nj7o"
"Tlbt","Tlbti","Tlbti","Tlb","Tlbat","Tlbna","Tlbto","Tlbo"
"3tarft","3tarfti","3tarfti","3tarf","3tarfat","3tarfna","3tarfto","3tarfo"
"7sbt","7sbti","7sbti","7sb","7sbat","7sbna","7sbto","7sbo"
"ntama","ntamiti","ntamiti","ntama","ntamat","ntamina","ntamito","ntamaw"
"chekkit","chekkiti","chekkiti","chekk","chekkat","chekkina","chekkito","chekko"
"ghnnit","ghnniti","ghnniti","ghnna","ghnnaat","ghnnina","ghnnito","ghnnaw"
"nwit","nwiti","nwiti","nwa","nwat","nwina","nwito","nwaw"
"brrert","brrerti","brrerti","brrer","brrerat","brrerna","brrerto","brrero"
"daf3t","daf3ti","daf3ti","daf3","daf3at","daf3na","daf3to","daf3o"
"z3mt","z3mti","z3mti","z3m","z3mat","z3mna","z3mto","z3mo"
"tsara7t","tsara7ti","tsara7ti","tsara7","tsara7at","tsara7na","tsara7to","tsara7o "
"7kmt","7kmti","7kmti","7km","7kmat","7kmna","7kmto","7kmo"
"charkt","charkti","charkti","chark","charkat","charkna","charkto","charko"
"ghslt","ghslti","ghslti","ghsl","ghslat","ghslna","ghslto","ghslo"
"la7Dt","la7Dti","la7Dti","la7D","la7Dat","la7Dna","la7Dto","la7Do"
"khddmt","khddmti","khddmti","khddm","khddmat","khddmna","khddmto","khddmo"
"jm3t","jm3ti","jm3ti","jm3","jm3at","jm3na","jm3to","jm3o"
"l77it","l77iti","l77iti","l77","l77at","l77ina","l77ito","l77o"
"tla7it","tla7iti","tla7iti","tla7","tla7t","tla7ina","tla7ito","tla7o"
"Tyybt","Tyybti","Tyybti","Tyyb","Tyybat","Tyybna","Tyybto","Tyybo"
"bkat","bkiti","bkiti","bka","bkaat","bkina","bkito","bkao"
"n3st","n3sti","n3sti","n3s","n3sat","n3sna","n3sto","n3so"
"f9t","f9ti","f9ti","fa9","fa9t","f9na","f9to","fa9o"
"jm3t","jm3ti","jm3ti","jm3","jm3at","jm3na","jm3to","jm3o"
"nsa7bt","nsa7bti","nsa7bti","nsa7b","nsa7bat","nsa7bna","nsa7bto","nsa7bo"
"7llit","7lliti","7lliti","7ll","7llat","7llina","7llito","7llo"
"khbrt","khbrti","khbrti","khbr","khbrat","khbrna","khbrto","khbro"
"stalzemt","stalzemti","stalzemti","stalzem","stalzemat","stalzemna","stalzemto","stalzemo"
"tsllft","tsllfti","tsllfti","tsllf","tsllfat","tsllfna","tsllfto","tsllfo"
"swwlt","swwlti","swwlti","swwl","swwlat","swwlna","swwlto","swwlo"
"khaTrt","khaTrti","khaTrti","khaTr","khaTrat","khaTrna","khaTrto","khaTro"
"sm7t","sm7ti","sm7ti","sm7","sm7at","sm7na","sm7to","sm7o"
"sam7t","sam7ti","sam7ti","sam7","sam7at","sam7na","sam7to","sam7o"
"9tar7t","9tar7ti","9tar7ti","9tar7","9tar7at","9tar7na","9tar7to","9tar7o"
"7taflt","7taflti","7taflti","7tafl","7taflat","7taflna","7taflto","7taflo"
"Dyy3t","Dyy3ti","Dyy3ti","Dyy3","Dyy3at","Dyy3na","Dyy3to","Dyy3o"
"ghbrt","ghbrti","ghbrti","ghbr","ghbrat","ghbrna","ghbrto","ghbro"
"tw993t","tw993ti","tw993ti","tw993","tw993at","tw993na","tw993to","tw993o"
"ngrt","ngrti","ngrti","ngr","ngrat","ngrna","ngrto","ngro"
"9bTt","9bTti","9bTti","9bT","9bTat","9bTna","9bTto","9bTo"
"gbDt","gbDti","gbDti","gbD","gbDat","gbDna","gbDto","gbDo"
"nDt","nDti","nDti","naD","naDt","nDna","nDto","naDo"
"dzt","dzti","dzti","daz","dazt","dzna","dzto","dazo"
"7best","7besti","7besti","7bes","7bsat","7besna","7besto","7bso"
"9yydt","9yydti","9yydti","9yyd","9yydat","9yydna","9yydto","9yydo"
"wllft","wllfti","wllfti","wllf","wllfat","wllfna","wllfto","wllfo"
"khllTt","khllTti","khllTti","khllT","khllTat","khllTna","khllTto","khllTo"
"gyydt","gyydti","gyydti","gyyd","gyydat","gyydna","gyydto","gyydo"
"7rgt","7rgti","7rgti","7rg","7rgat","7rgna","7rgto","7rgo"
"7r9t","7r9ti","7r9ti","7r9","7r9at","7r9na","7r9to","7r9o"
"staghllit","staghlliti","staghlliti","staghl","staghllat","staghllina","staghllito","staghllo"
"kmit","kmiti","kmiti","kma","kmaat","kmina","kmito","kmao"
"7ddrt","7ddrti","7ddrti","7ddr","7ddrat","7ddrna","7ddrto","7ddro"
"bst","bsti","bsti","baas","baast","bsna","bsto","baso"
"3lnt","3lnti","3lnti","3ln","3lnat","3lnna","3lnto","3lno"
"khtabrt","khtabrti","khtabrti","khtabr","khtabrat","khtabrna","khtabrto","khtabro"
"tnffst","tnffsti","tnffsti","tnffs","tnffsat","tnffsna","tnffsto","tnffso"
"ftt","ftti","ftti","fat","fatet","ftna","ftto","fato"
"Saad9t","Saad9ti","Saad9ti","Saad9","Saad9at","Saad9na","Saad9to","Saad9o"
"7tellit","7telliti","7telliti","7tell","7tellat","7tellina","7tellito","7tello"
"7arrart","7arrarti","7arrarti","7arrar","7arrarat","7arrarna","7arrarto","7arraro"
"btasmt","btasmti","btasmti","btasm","btasmat","btasmna","btasmto","btasmo"
"7frt","7frti","7frti","7fr","7frat","7frna","7frto","7fro"
"7tarmt","7tarmti","7tarmti","7tarm","7tarmat","7tarmna","7tarmto","7tarmo"
"8ddedt","8ddedti","8ddedti","8dded","8ddedat","8ddedna","8ddedto","8ddedo"
"lghit","lghiti","lghiti","lgha","lghaat","lghina","lghito","lghao"
"khznt","khznti","khznti","khzn","khznat","khznna","khznto","khzno"
"nDDmt","nDDmti","nDDmti","nDDm","nDDmat","nDDmna","nDDmto","nDDmo"
"nwwrt","nwwrti","nwwrti","nwwr","nwwrat","nwwrna","nwwrto","nwwro"
"7lft","7lfti","7lfti","7lf","7lfat","7lfna","7lfto","7lfo"
"7lmt","7lmti","7lmti","7lm","7lmat","7lmna","7lmto","7lmo"
"SrTt","SrTti","SrTti","SrT","SrTat","SrTna","SrTto","SrTo"
"blokit","blokiti","blokiti","bloka","blokaat","blokina","blokito","blokao"
"stab9t","stab9ti","stab9ti","stab9","stab9at","stab9na","stab9to","stab9o"
"tta8mt","tta8mti","tta8mti","tta8m","tta8mat","tta8mna","tta8mto","tta8mo"
"ghwwtt","ghwwtti","ghwwtti","ghwwt","ghwwtat","ghwwtna","ghwwtto","ghwwto"
"2ttrt","2ttrti","2ttrti","2ttr","2ttrat","2ttrna","2ttrto","2ttro"
"rttbt","rttbti","rttbti","rttb","rttbat","rttbna","rttbto","rttbo"
"3ta9lt","3ta9lti","3ta9lti","3ta9l","3ta9lat","3ta9lna","3ta9lto","3ta9lo"
"nb7t","nb7ti","nb7ti","nb7","nb7at","nb7na","nb7to","nb7o"
"khnt","khnti","khnti","khan","khant","khnna","khnto","khano"
"t7aTTit","t7aTTiti","t7aTTiti","t7aTT","t7aTTat","t7aTTina","t7aTTito","t7aTTo"
"khtalft","khtalfti","khtalfti","khtalf","khtalfat","khtalfna","khtalfto","khtalfo"
"7tafDt","7tafDti","7tafDti","7tafD","7tafDat","7tafDna","7tafDto","7tafDo"
"Trt","Trti","Trti","Tar","Tart","Trna","Trto","Taro"
"jrrit","jrriti","jrriti","jrr","jrrat","jrrina","jrrito","jrro"
"df3t","df3ti","df3ti","df3","df3at","df3na","df3to","df3o"
"8zzit","8zziti","8zziti","8zz","8zzat","8zzina","8zzito","8zzo"
"rj3t","rj3ti","rj3ti","rj3","rj3at","rj3na","rj3to","rj3o"
"T7t","T7ti","T7ti","Ta7","Ta7t","T7na","T7to","Ta7o"
"3rft","3rfti","3rfti","3rf","3rfat","3rfna","3rfto","3rfo"
"nsit","nsiti","nsiti","nsa","nsaat","nsina","nsito","nsao"
"wSft","wSfti","wSfti","wSf","wSfat","wSfna","wSfto","wSfo"
"trjmt","trjmti","trjmti","trjm","trjmat","trjmna","trjmto","trjmo"
"w3edt","w3edti","w3edti","w3ed","w3dat","w3dna","w3dto","w3do"
"9llbt","9llbti","9llbti","9llb","9llbat","9llbna","9llbto","9llbo"
"7bbit","7bbiti","7bbiti","7bb","7bbat","7bbina","7bbito","7bbo"
"3cht","3chti","3chti","3ach","3acht","3chna","3chto","3acho"
"sknt","sknti","sknti","skn","sknat","sknna","sknto","skno"
"khllSt","khllSti","khllSti","khllS","khllSat","khllSna","khllSto","khllSo"
"sddit","sdditi","sdditi","sdd","sddat","sddina","sddito","sddo"
"w9ft","w9fti","w9fti","w9f","w9fat","w9fna","w9fto","w9fo"
"stkhdmt","stkhdmti","stkhdmti","stkhdm","stkhdmat","stkhdmna","stkhdmto","stkhdmo"
"stalmt","stalmti","stalmti","stalm","stalmat","stalmna","stalmto","stalmo"
"fchlt","fchlti","fchlti","fchl","fchlat","fchlna","fchlto","fchlo"
"sbbit","sbbiti","sbbiti","sbb","sbbat","sbbina","sbbito","sbbo"
"chkit","chkiti","chkiti","chka","chkaat","chkina","chkito","chkao"
"fD7t","fD7ti","fD7ti","fD7","fD7at","fD7na","fD7to","fD7o"
"3tadrt","3tadrti","3tadrti","3tadr","3tadrat","3tadrna","3tadrto","3tadro"
"3nngt","3nngti","3nngti","3nng","3nngat","3nngna","3nngto","3nngo"
"ndmt","ndmti","ndmti","ndm","ndmat","ndmna","ndmto","ndmo"
"t3wwdt","t3wwdti","t3wwdti","t3wwd","t3wwdat","t3wwdna","t3wwdto","t3wwdo"
"3Tst","3Tsti","3Tsti","3Ts","3Tsat","3Tsna","3Tsto","3Tso"
"k7obt","k7obti","k7obti","k7ob","k7bat","k7obna","k7bto","k7bo"
"2ejjelt","2ejjelti","2ejjelti","2ejjel","2ejjelat","2ejjelna","2ejjelto","2ejjelo"
"t3awnt","t3awnti","t3awnti","t3awn","t3awnat","t3awnna","t3awnto","t3awno"
"tbadlt","tbadlti","tbadlti","tbadl","tbadlat","tbadlna","tbadlto","tbadlo"
"9aaT3t","9aaT3ti","9aaT3ti","9aaT3","9aaT3at","9aaT3na","9aaT3to","9aaT3o"
"tTwwe3t","tTwwe3ti","tTwwe3ti","tTwwe3","tTwwe3at","tTwwe3na","tTwwe3to","tTwwe3o"
"9oulbt","9oulbti","9oulbti","9oulb","9oulbat","9oulbna","9oulbto","9oulbo"
"tjnnbt","tjnnbti","tjnnbti","tjnnb","tjnnbat","tjnnbna","tjnnbto","tjnnbo"
"8mlt","8mlti","8mlti","8ml","8mlat","8mlna","8mlto","8mlo"
"tla9it","tla9iti","tla9iti","tla9a","tla9at","tla9ina","tla9ito","tla9ao"
"tjssest","tjssesti","tjssesti","tjsses","tjssesat","tjssesna","tjssesto","tjsseso"
"nta9mt","nta9mti","nta9mti","nta9m","nta9mat","nta9mna","nta9mto","nta9mo"
"dfnt","dfnti","dfnti","dfn","dfnat","dfnna","dfnto","dfno"
"ghlbt","ghlbti","ghlbti","ghlb","ghlbat","ghlbna","ghlbto","ghlbo"
"knt","knti","knti","kan","kant","knna","knto","kano"
"9dert","9derti","9derti","9der","9drat","9derna","9derto","9dro"
"khssni","khssk","khssk","khsso","khssha","khssna","khsskom","khsshom"
"khdit","khditi","khditi","khda","khdat","khdina","khdito","khdao"
"7TTit","7TTiti","7TTiti","7TT","7TTat","7TTina","7TTito","7TTo"
"khllit","khlliti","khlliti","khlla","khllat","khllina","khllito","khllao"
"3Tit","3Titi","3Titi","3Ta","3Tat","3Tina","3Tito","3Tao"
"bnt","bnti","bnti","ban","bant","bnna","bnto","bano"
"tDmment","tDmmenti","tDmmenti","tDmmen","tDmmnat","tDmmenna","tDmmento","tDmmno"
"t7rrekt","t7rrekti","t7rrekti","t7rrek","t7rrkat","t7rrekna","t7rrekto","t7rrko"
"Drt","Drti","Drti","Dar","Dart","Drna","Drto","Daro"
"3tabrt","3tabrti","3tabrti","3tabr","3tabrat","3tabrna","3tabrto","3tabro"
"khllit","khlliti","khlliti","khlla","khllat","khllina","khllito","khllao"
"tmennit","tmenniti","tmenniti","tmenna","tmennat","tmennina","tmennito","tmennao"
"ntejt","ntejti","ntejti","ntej","ntjat","ntjna","ntejto","ntjo"
"b9it","b9iti","b9iti","b9a","b9at","b9ina","b9ito","b9ao"
"chddit","chdditi","chdditi","chdd","chddat","chddina","chddito","chddo"
"to99e3t","to99e3ti","to99e3ti","to99e3","to993at","to993na","to993to","to993o"
"Dment","Dmenti","Dmenti","Dmen","Dmnat","Dmnna","Dmnto","Dmno"
"8ezzit","8ezziti","8ezziti","8ezz","8ezzat","8ezzina","8ezzito","8ezzo"
"3reDt","3reDti","3reDti","3reD","3rDat","3rDna","3rDto","3rDo"
"d3emt","d3emti","d3emti","d3em","d3mat","d3mna","d3mto","d3mo"
"hDert","hDerti","hDerti","hDer","hDrat","hDrna","hDrto","hDro"
"9aadit","9aaditi","9aaditi","9aad","9aadat","9aadina","9aadito","9aado"
"w9eft","w9efti","w9efti","w9ef","w9efat","w9efna","w9efto","w9efo"
"wgeft","wgefti","wgefti","wgef","wgfat","wgfna","wgfto","wgfo"
"9tar7t","9tar7ti","9tar7ti","9tar7","9tar7at","9tar7na","9tar7to","9tar7o"
"Twwert","Twwerti","Twwerti","Twwer","Twwrat","Twwerna","Twwerto","Twwero"
"glest","glesti","glesti","gles","glsat","glsna","glsto","glso"
"gaddit","gadditi","gadditi","gadd","gaddat","gaddina","gaddito","gaddo"
"Sawbt","Sawbti","Sawbti","Sawb","Sawbat","Sawbna","Sawbto","Sawbo"
"ttaf9t","ttaf9ti","ttaf9ti","ttaf9","ttaf9at","ttaf9na","ttaf9to","ttaf9o"
"Tbbe9t","Tbbe9ti","Tbbe9ti","Tbbe9","Tbb9at","Tbb9na","Tbb9to","Tbb9o"
"kowwent","kowwenti","kowwenti","kowwen","kowwnat","kowwnna","kowwnto","kowwno"
"3bbert","3bberti","3bberti","3bber","3bbrat","3bbrna","3bbrto","3bbro"
"Dyye3t","Dyye3ti","Dyye3ti","Dyye3","Dyy3at","Dyy3na","Dyy3to","Dyy3o"
"lta79t","lta79ti","lta79ti","lta79","lta79at","lta79na","lta79to","lta79o"
"n99eSt","n99eSti","n99eSti","n99eS","n99Sat","n99Sna","n99Sto","n99So"
"n9edt","n9edti","n9edti","n9ed","n9dat","n9dna","n9dto","n9do"
"tTellebt","tTellebti","tTellebti","tTelleb","tTellbat","tTellbna","tTellbto","tTellbo"
"799e9t","799e9ti","799e9ti","799e9","799e9at","799e9na","799e9to","799e9o"
"t3amelt","t3amelti","t3amelti","t3amel","t3amlat","t3amlna","t3amlto","t3amlo"
"twaj8t","twaj8ti","twaj8ti","twaj8","twaj8at","twaj8na","twaj8to","twaj8o"
"ghTTat","ghTTati","ghTTati","ghTTa","ghTTaat","ghTTana","ghTTato","ghTTao"
"Twwert","Twwerti","Twwerti","Twwer","Twwrat","Twwrna","Twwrto","Twwro"
"mlt","mlti","mlti","maal","maalt","mlna","mlto","maalo"
"rsemt","rsemti","rsemti","rsem","rsmat","rsmna","rsmto","rsmo"
"t7errekt","t7errekti","t7errekti","t7errek","t7errkat","t7errkna","t7errkto","t7errko"
"3zelt","3zelti","3zelti","3zel","3zlat","3zlna","3zlto","3zlo"
"klleft","kllefti","kllefti","kllef","kllfat","kllfna","kllfto","kllfo"
"br8ent","br8enti","br8enti","br8en","br8nat","br8nna","br8nto","br8no"
"w9e3t","w9e3ti","w9e3ti","w9e3","w93at","w93na","w93to","w93o"
"tna9cht","tna9chti","tna9chti","tna9ch","tna9chat","tna9chna","tna9chto","tna9cho"
"gablt","gablti","gablti","gabl","gablat","gablna","gablto","gablo"
"salat","salati","salati","sala","salaat","salana","salato","salao"
"kayn","kayn","kayna","kayn","kayna","kaynin","kaynin","kaynin"
"9Sedt","9Sedti","9Sedti","9Sed","9Sdat","9Sdna","9Sdto","9Sdo"
"9llebt","9llebti","9llebti","9lleb","9llbat","9llbna","9llbto","9llbo"
"nfe3t","nfe3ti","nfe3ti","nfe3","nf3at","nf3na","nf3to","nf3o"
"9semt","9semti","9semti","9sem","9smat","9smna","9smto","9smo"
"partajit","partajiti","partajiti","partaja","partajaat","partajina","partajito","partajao"
"nche2t","nche2ti","nche2ti","nche2","nch2at","nch2na","nch2to","nch2o"
"2essest","2essesti","2essesti","2esses","2essesat","2essesna","2essesto","2esseso"
"t7kkemt","t7kkemti","t7kkemti","t7kkem","t7kkmat","t7kkmna","t7kkmto","t7kkmo"
"jawbt","jawbti","jawbti","jawb","jawbat","jawbna","jawbto","jawbo"
"7eddedt","7eddedti","7eddedti","7edded","7eddedat","7eddedna","7eddedto","7eddedo"
"3tanit","3taniti","3taniti","3tana","3tanaat","3tanina","3tanito","3tanao"
"mkkent","mkkenti","mkkenti","mkken","mkknat","mkknna","mkknto","mkkno"
"Taalbt","Taalbti","Taalbti","Taalb","Taalbat","Taalbna","Taalbto","Taalbo"
"ksebt","ksebti","ksebti","kseb","ksbat","ksbna","ksbto","ksbo"
"mttelt","mttelti","mttelti","mttel","mttlat","mttlna","mttlto","mttlo"
"tDemment","tDemmenti","tDemmenti","tDemmen","tDemmnat","tDemmnna","tDemmnto","tDemmno"
"ghlebt","ghlebti","ghlebti","ghleb","ghlbat","ghlbna","ghlbto","ghlbo"
"tchTent","tchTenti","tchTenti","tchTen","tchTnat","tchTnna","tchTnto","tchTno"
"t7mmelt","t7mmelti","t7mmelti","t7mmel","t7mmlat","t7mmlna","t7mmlto","t7mmlo"
"seddit","sedditi","sedditi","sedd","seddat","seddina","seddito","seddo"
"tsa2elt","tsa2elti","tsa2elti","tsa2el","tsa2lat","tsa2lna","tsa2lto","tsa2lo"
"naasebt","naasebti","naasebti","naaseb","naasbat","naasbna","naasbto","naasbo"
"t3elle9t","t3elle9ti","t3elle9ti","t3elle9","t3ell9at","t3ell9na","t3ell9to","t3ell9o"
"7eTTit","7eTTiti","7eTTiti","7eTT","7eTTat","7eTTina","7eTTito","7eTTo"
"chmelt","chmelti","chmelti","chmel","chmlat","chmlna","chmlto","chmlo"
"ttaSelt","ttaSelti","ttaSelti","ttaSel","ttaSlat","ttaSlna","ttaSlto","ttaSlo"
"khdemt","khdemti","khdemti","khdem","khdmat","khdmna","khdmto","khdmo"
"tSerreft","tSerrefti","tSerrefti","tSerref","tSerrfat","tSerrfna","tSerrfto","tSerrfo"
"t2e9lemt","t2e9lemti","t2e9lemti","t2e9lem","t2e9lmat","t2e9lmna","t2e9lmto","t2e9lmo"
"rbe7t","rbe7ti","rbe7ti","rbe7","rb7at","rb7na","rb7to","rb7o"
"f7eSt","f7eSti","f7eSti","f7eS","f7eSat","f7eSna","f7eSto","f7eSo"
"reddit","redditi","redditi","redd","reddat","reddina","reddito","reddo"
"3tamdt","3tamdti","3tamdti","3tamd","3tamdat","3tamdna","3tamdto","3tamdo"
"njit","njiti","njiti","nja","njaat","njina","njito","njao"
"kemmelt","kemmelti","kemmelti","kemmel","kemmlat","kemmlna","kemmlto","kemmlo"
"rtaf3t","rtaf3ti","rtaf3ti","rtaf3","rtaf3at","rtaf3na","rtaf3to","rtaf3o"
"9ddemt","9ddemti","9ddemti","9ddem","9ddmat","9ddmna","9ddmto","9ddmo"
"rowwejt","rowwejti","rowwejti","rowwej","rowwjat","rowwjna","rowwjto","rowwjo"
"chejje3t","chejje3ti","chejje3ti","chejje3","chejj3at","chejj3na","chejj3to","chejj3o"
"2eddit","2edditi","2edditi","2edda","2eddaat","2eddina","2eddito","2eddao"
"meddedt","meddedti","meddedti","medded","medddat","medddna","medddto","medddo"
"khtaleft","khtalefti","khtalefti","khtalef","khtalfat","khtalfna","khtalfto","khtalfo"
"fdt","fdti","fdti","fad","fadt","fdna","fdto","fado"
"3elle9t","3elle9ti","3elle9ti","3elle9","3ell9at","3ell9na","3ell9to","3ell9o"
"Tyye7t","Tyye7ti","Tyye7ti","Tyye7","Tyy7at","Tyy7na","Tyy7to","Tyy7o"
"belleght","belleghti","belleghti","bellegh","bellehat","bellehna","bellehto","belleho"
"Sbbit","Sbbiti","Sbbiti","Sbb","Sbbat","Sbbina","Sbbito","Sbbo"
"khtabert","khtaberti","khtaberti","khtaber","khtabrat","khtabrna","khtabrto","khtabro"
"2emment","2emmenti","2emmenti","2emmen","2emmnat","2emmnna","2emmnto","2emmno"
"Towwelt","Towwelti","Towwelti","Towwel","Towwlat","Towwlna","Towwlto","Towwlo"
"waaf9t","waaf9ti","waaf9ti","waaf9","waaf9at","waaf9na","waaf9to","waaf9o"
"saa8emt","saa8emti","saa8emti","saa8em","saa8mat","saa8mna","saa8mto","saa8mo"
"meddit","medditi","medditi","medd","meddat","meddina","meddito","meddo"
"rtabeTt","rtabeTti","rtabeTti","rtabeT","rtabTat","rtabTna","rtabTto","rtabTo"
"tghellebt","tghellebti","tghellebti","tghelleb","tghellbat","tghellbna","tghellbto","tghellbo"
"tkhelleSt","tkhelleSti","tkhelleSti","tkhelleS","tkhellSat","tkhellSna","tkhellSto","tkhellSo"
"7awelt","7awelti","7awelti","7awel","7awlat","7awlna","7awlto","7awlo"
"tkelleft","tkellefti","tkellefti","tkellef","tkellfat","tkellfna","tkellfto","tkellfo"
"jdebt","jdebti","jdebti","jdeb","jdbat","jdbna","jdbto","jdbo"
"saa3dt","saa3dti","saa3dti","saa3d","saa3dat","saa3dna","saa3dto","saa3do"
"3awent","3awenti","3awenti","3awen","3awnat","3awnna","3awnto","3awno"
"2ettert","2etterti","2etterti","2etter","2ettrat","2ettrna","2ettrto","2ettro"
"jerrebt","jerrebti","jerrebti","jerreb","jerrbat","jerrbna","jerrbto","jerrbo"
"fkkert","fkkerti","fkkerti","fkker","fkkrat","fkkrna","fkkrto","fkkro"
"sinit","siniti","siniti","sina","sinaat","sinina","sinito","sinao"
"khft","khfti","khfti","khaf","khaft","khfna","khfto","khafo"
"lSe9t","lSe9ti","lSe9ti","lSe9","lS9at","lS9na","lS9to","lS9o"
"swwit","swwiti","swwiti","swwa","swwaat","swwina","swwito","swwao"
"riglt","riglti","riglti","rigl","riglat","riglna","riglto","riglo"
"9aarent","9aarenti","9aarenti","9aaren","9aarnat","9aarnna","9aarnto","9aarno"
"7sebt","7sebti","7sebti","7seb","7sbat","7sbna","7sbto","7sbo"
"7e99e9t","7e99e9ti","7e99e9ti","7e99e9","7e99e9at","7e99e9na","7e99e9to","7e99e9o"
"n99it","n99iti","n99iti","n99a","n99aat","n99ina","n99ito","n99ao"
"sjjelt","sjjelti","sjjelti","sjjel","sjjlat","sjjlna","sjjlto","sjjlo"
"chjjelt","chjjelti","chjjelti","chjjel","chjjlat","chjjlna","chjjlto","chjjlo"
"ktachft","ktachfti","ktachfti","ktachf","ktachfat","ktachfna","ktachfto","ktachfo"
"lmt","lmti","lmti","laam","laamt","lmna","lmto","laamo"
"39t","39ti","39ti","3a9","3a9t","39na","39to","3a9o"
"wSSelt","wSSelti","wSSelti","wSSel","wSSlat","wSSlna","wSSlto","wSSlo"
"chre3t","chre3ti","chre3ti","chre3","chr3at","chr3na","chr3to","chr3o"
"brzeTt","brzeTti","brzeTti","brzeT","brzTat","brzTna","brzTto","brzTo"
"freDt","freDti","freDti","freD","frDat","frDna","frDto","frDo"
"3ta9edt","3ta9edti","3ta9edti","3ta9ed","3ta9dat","3ta9dna","3ta9dto","3ta9do"
"3zemt","3zemti","3zemti","3zem","3zmat","3zmna","3zmto","3zmo"
"nSe7t","nSe7ti","nSe7ti","nSe7","nS7at","nS7na","nS7to","nS7o"
"ktasebt","ktasebti","ktasebti","ktaseb","ktasbat","ktasbna","ktasbto","ktasbo"
"strje3t","strje3ti","strje3ti","strje3","strj3at","strj3na","strj3to","strj3o"
"tmiyyezt","tmiyyezti","tmiyyezti","tmiyyez","tmiyyzat","tmiyyzna","tmiyyzto","tmiyyzo"
"chtabe8t","chtabe8ti","chtabe8ti","chtabe8","chtab8at","chtab8na","chtab8to","chtab8o"
"mowwelt","mowwelti","mowwelti","mowwel","mowwlat","mowwlna","mowwlto","mowwlo"
"8demt","8demti","8demti","8dem","8dmat","8dmna","8dmto","8dmo"
"rDit","rDiti","rDiti","rDa","rDaat","rDina","rDito","rDao"
"tnafst","tnafsti","tnafsti","tnafs","tnafsat","tnafsna","tnafsto","tnafso"
"9aawemt","9aawemti","9aawemti","9aawem","9aawmat","9aawmna","9aawmto","9aawmo"
"laa2emt","laa2emti","laa2emti","laa2em","laa2mat","laa2mna","laa2mto","laa2mo"
"khaaTebt","khaaTebti","khaaTebti","khaaTeb","khaaTbat","khaaTbna","khaaTbto","khaaTbo"
"naachdt","naachdti","naachdti","naachd","naachdat","naachdna","naachdto","naachdo"
"Tle9t","Tle9ti","Tle9ti","Tle9","Tl9at","Tl9na","Tl9to","Tl9o"
"frezt","frezti","frezti","frez","frzat","frzna","frzto","frzo"
"wSSit","wSSiti","wSSiti","wSSa","wSSaat","wSSina","wSSito","wSSao"
"2amert","2amerti","2amerti","2amer","2amrat","2amrna","2amrto","2amro"
"8jemt","8jemti","8jemti","8jem","8jmat","8jmna","8jmto","8jmo"
"twesse3t","twesse3ti","twesse3ti","twesse3","twesse3at","twesse3na","twesse3to","twesse3o"
"tkerkebt","tkerkebti","tkerkebti","tkerkeb","tkerkebat","tkerkebna","tkerkebto","tkerkebo"
"nfajert","nfajerti","nfajerti","nfajer","nfajerat","nfajerna","nfajerto","nfajero"
"t3e88edt","t3e88edti","t3e88edti","t3e88ed","t3e88dat","t3e88dna","t3e88dto","t3e88do"
"dkkert","dkkerti","dkkerti","dkker","dkkrat","dkkrna","dkkrto","dkkro"
"fekkert","fekkerti","fekkerti","fekker","fekkrat","fekkrna","fekkrto","fekkro"
"n8ejt","n8ejti","n8ejti","n8ej","n8jat","n8jna","n8jto","n8jo"
"rejje3t","rejje3ti","rejje3ti","rejje3","rejj3at","rejj3na","rejj3to","rejj3o"
"Sdert","Sderti","Sderti","Sder","Sdrat","Sdrna","Sdrto","Sdro"
"Sgt","Sgti","Sgti","Sag","Sagt","Sgna","Sgto","Sago"
"glebt","glebti","glebti","gleb","glbat","glbna","glbto","glbo"
"stetmert","stetmerti","stetmerti","stetmer","stetmrat","stetmrna","stetmrto","stetmro"
"khTit","khTiti","khTiti","khTa","khTaat","khTina","khTito","khTao"
"weDDe7t","weDDe7ti","weDDe7ti","weDDe7","weDD7at","weDD7na","weDD7to","weDD7o"
"mlekt","mlekti","mlekti","mlek","mlkat","mlkna","mlkto","mlko"
"t7eddat","t7eddati","t7eddati","t7edda","t7edaat","t7edana","t7edato","t7edao"
"7aawert","7aawerti","7aawerti","7aawer","7aawrat","7aawrna","7aawrto","7aawro"
"tselle9t","tselle9ti","tselle9ti","tselle9","tsell9at","tsell9na","tsell9to","tsell9o"
"fSelt","fSelti","fSelti","fSel","fSlat","fSlna","fSlto","fSlo"
"7aafDt","7aafDti","7aafDti","7aafD","7aafDat","7aafDna","7aafDto","7aafDo"
"7wwelt","7wwelti","7wwelti","7wwel","7wwlat","7wwlna","7wwlto","7wwlo"
"a9arrt","a9arrti","a9arrti","a9arr","a9arrat","a9arrna","a9arrto","a9arro"
"stentejt","stentejti","stentejti","stentej","stentjat","stentjna","stentjto","stentjo"
"tirit","tiriti","tiriti","tira","tiraat","tirina","tirito","tirao"
"7essent","7essenti","7essenti","7essen","7essnat","7essnna","7essnto","7essno"
"ra9bt","ra9bti","ra9bti","ra9b","ra9bat","ra9bna","ra9bto","ra9bo"
"charjit","charjiti","charjiti","charja","charjaat","charjina","charjito","charjao"
"b7ett","b7etti","b7etti","b7et","b7tat","b7tna","b7tto","b7to"
"stow3ebt","stow3ebti","stow3ebti","stow3eb","stow3bat","stow3bna","stow3bto","stow3bo"
"chTe7t","chTe7ti","chTe7ti","chTe7","chT7at","chT7na","chT7to","chT7o"
"Sllit","Slliti","Slliti","Slla","Sllaat","Sllina","Sllito","Sllao"
"markit","markiti","markiti","marka","markaat","markina","markito","markao"
"zle9t","zle9ti","zle9ti","zle9","zl9at","zl9na","zl9to","zl9o"
"rtakbt","rtakbti","rtakbti","rtakb","rtakbat","rtakbna","rtakbto","rtakbo"
"steb3edt","steb3edti","steb3edti","steb3ed","steb3dat","steb3dna","steb3dto","steb3do"
"3dert","3derti","3derti","3der","3drat","3drna","3drto","3dro"
"fssert","fsserti","fsserti","fsser","fssrat","fssrna","fssrto","fssro"
"laa9it","laa9iti","laa9iti","laa9a","laa9aat","laa9ina","laa9ito","laa9ao"
"tfawDt","tfawDti","tfawDti","tfawD","tfawDat","tfawDna","tfawDto","tfawDo"
"7ellelt","7ellelti","7ellelti","7ellel","7elllat","7elllna","7elllto","7elllo"
"smmit","smmiti","smmiti","smma","smmaat","smmina","smmito","smmao"
"mteddit","mtedditi","mtedditi","mtedd","mteddat","mteddina","mteddito","mteddo"
"t9elle9t","t9elle9ti","t9elle9ti","t9elle9","t9ell9at","t9ell9na","t9ell9to","t9ell9o"
"2e88elt","2e88elti","2e88elti","2e88el","2e88lat","2e88lna","2e88lto","2e88lo"
"khssert","khsserti","khsserti","khsser","khssrat","khssrna","khssrto","khssro"
"Sbeght","Sbeghti","Sbeghti","Sbegh","Sbehat","Sbehna","Sbehto","Sbeho"
"mne7t","mne7ti","mne7ti","mne7","mn7at","mn7na","mn7to","mn7o"
"selleft","sellefti","sellefti","sellef","sellfat","sellfna","sellfto","sellfo"
"tfa3lt","tfa3lti","tfa3lti","tfa3l","tfa3lat","tfa3lna","tfa3lto","tfa3lo"
"sta7e99it","sta7e99iti","sta7e99iti","sta7e99","sta7e99at","sta7e99ina","sta7e99ito","sta7e99o"
"tre22est","tre22esti","tre22esti","tre22es","tre22sat","tre22sna","tre22sto","tre22so"
"wjje8t","wjje8ti","wjje8ti","wjje8","wjj8at","wjj8na","wjj8to","wjj8o"
"8beTt","8beTti","8beTti","8beT","8bTat","8bTna","8bTto","8bTo"
"tkebbedt","tkebbedti","tkebbedti","tkebbed","tkebbdat","tkebbdna","tkebbdto","tkebbdo"
"tkowwent","tkowwenti","tkowwenti","tkowwen","tkowwnat","tkowwnna","tkowwnto","tkowwno"
"3SSeft","3SSefti","3SSefti","3SSef","3SSfat","3SSfna","3SSfto","3SSfo"
"rchedt","rchedti","rchedti","rched","rchdat","rchdna","rchdto","rchdo"
"9ne3t","9ne3ti","9ne3ti","9ne3","9n3at","9n3na","9n3to","9n3o"
"maarst","maarsti","maarsti","maars","maarsat","maarsna","maarsto","maarso"
"do99it","do99iti","do99iti","do99","do99at","do99ina","do99ito","do99o"
"tkhellit","tkhelliti","tkhelliti","tkhella","tkhellaat","tkhellina","tkhellito","tkhellao"
"jawebt","jawebti","jawebti","jaweb","jawbat","jawbna","jawbto","jawbo"
"tDaa8ert","tDaa8erti","tDaa8erti","tDaa8er","tDaa8rat","tDaa8rna","tDaa8rto","tDaa8ro"
"chawert","chawerti","chawerti","chawer","chawrat","chawrna","chawrto","chawro"
"nkhareTt","nkhareTti","nkhareTti","nkhareT","nkharTat","nkharTna","nkharTto","nkharTo"
"7kemt","7kemti","7kemti","7kem","7kmat","7kmna","7kmto","7kmo"
"3aaljt","3aaljti","3aaljti","3aalj","3aaljat","3aaljna","3aaljto","3aaljo"
"jessedt","jessedti","jessedti","jessed","jessdat","jessdna","jessdto","jessdo"
"7Sert","7Serti","7Serti","7Ser","7Srat","7Srna","7Srto","7Sro"
"zowwelt","zowwelti","zowwelti","zowwel","zowwlat","zowwlna","zowwlto","zowwlo"
"7owwelt","7owwelti","7owwelti","7owwel","7owwlat","7owwlna","7owwlto","7owwlo"
"t9a3dt","t9a3dti","t9a3dti","t9a3d","t9a3dat","t9a3dna","t9a3dto","t9a3do"
"DbeTt","DbeTti","DbeTti","DbeT","DbTat","DbTna","DbTto","DbTo"
"s88elt","s88elti","s88elti","s88el","s88lat","s88lna","s88lto","s88lo"
"kobbit","kobbiti","kobbiti","kobb","kobbat","kobbina","kobbito","kobbo"
"Sebbit","Sebbiti","Sebbiti","Sebb","Sebbat","Sebbina","Sebbito","Sebbo"
"nsejt","nsejti","nsejti","nsej","nsjat","nsjna","nsjto","nsjo"
"Trassit","Trassiti","Trassiti","Trassa","Trassaat","Trassina","Trassito","Trassao"
"sejjelt","sejjelti","sejjelti","sejjel","sejjlat","sejjlna","sejjlto","sejjlo"
"7ffezt","7ffezti","7ffezti","7ffez","7ffzat","7ffzna","7ffzto","7ffzo"
"Tbe3t","Tbe3ti","Tbe3ti","Tbe3","Tb3at","Tb3na","Tb3to","Tb3o"
"imprimit","imprimiti","imprimiti","imprima","imprimaat","imprimina","imprimito","imprimao"
"twettert","twetterti","twetterti","twetter","twettrat","twettrna","twettrto","twettro"
"3yyent","3yyenti","3yyenti","3yyen","3yynat","3yynna","3yynto","3yyno"
"tdkhkhelt","tdkhkhelti","tdkhkhelti","tdkhkhel","tdkhkhlat","tdkhkhlna","tdkhkhlto","tdkhkhlo"
"3tarDt","3tarDti","3tarDti","3tarD","3tarDat","3tarDna","3tarDto","3tarDo"
"9wwit","9wwiti","9wwiti","9wwa","9wwaat","9wwina","9wwito","9wwao"
"dfe3t","dfe3ti","dfe3ti","dfe3","df3at","df3na","df3to","df3o"
"yssert","ysserti","ysserti","ysser","yssrat","yssrna","yssrto","yssro"
"7tajt","7tajti","7tajti","7taj","7tajat","7tajna","7tajto","7tajo"
"3gdt","3gdti","3gdti","3god","3gdat","3gdna","3gdto","3gdo"
"9tabst","9tabsti","9tabsti","9tabs","9tabsat","9tabsna","9tabsto","9tabso"
"syTert","syTerti","syTerti","syTer","syTrat","syTrna","syTrto","syTro"
"3jebt","3jebti","3jebti","3jeb","3jbat","3jbna","3jbto","3jbo"
"Semmemt","Semmemti","Semmemti","Semmem","Semmmat","Semmmna","Semmmto","Semmmo"
"Tlle3t","Tlle3ti","Tlle3ti","Tlle3","Tll3at","Tll3na","Tll3to","Tll3o"
"sta9allit","sta9alliti","sta9alliti","sta9al","sta9alt","sta9lna","sta9lto","sta9alo"
"t8ejjit","t8ejjiti","t8ejjiti","t8ejja","t8ejjaat","t8ejjina","t8ejjito","t8ejjao"
"7errekt","7errekti","7errekti","7errek","7errkat","7errkna","7errkto","7errko"
"9ddert","9dderti","9dderti","9dder","9ddrat","9ddrna","9ddrto","9ddro"
"Drebt","Drebti","Drebti","Dreb","Drbat","Drbna","Drbto","Drbo"
"rkelt","rkelti","rkelti","rkel","rklat","rklna","rklto","rklo"
"3ddedt","3ddedti","3ddedti","3dded","3ddedat","3ddedna","3ddedto","3ddedo"
"lbest","lbesti","lbesti","lbes","lbsat","lbsna","lbsto","lbso"
"diklarit","diklariti","diklariti","diklara","diklaraat","diklarina","diklarito","diklarao"
"2ekkedt","2ekkedti","2ekkedti","2ekked","2ekkdat","2ekkdna","2ekkdto","2ekkdo"
"stamddit","stamdditi","stamdditi","stamdd","stamddat","stamddina","stamddito","stamddo"
"wDDe7t","wDDe7ti","wDDe7ti","wDDe7","wDD7at","wDD7na","wDD7to","wDD7o"
"nsekht","nsekhti","nsekhti","nsekh","nskhat","nskhna","nskhto","nskho"
"fDDelt","fDDelti","fDDelti","fDDel","fDDlat","fDDlna","fDDlto","fDDlo"
"9beTt","9beTti","9beTti","9beT","9bTat","9bTna","9bTto","9bTo"
"3zzezt","3zzezti","3zzezti","3zzez","3zzezat","3zzezna","3zzezto","3zzezo"
"fhemt","fhemti","fhemti","fhem","fhmat","fhmna","fhmto","fhmo"
"ghaadert","ghaaderti","ghaaderti","ghaader","ghaadrat","ghaadrna","ghaadrto","ghaadro"
"raaf9t","raaf9ti","raaf9ti","raaf9","raaf9at","raaf9na","raaf9to","raaf9o"
"S77e7t","S77e7ti","S77e7ti","S77e7","Se77e7at","Se77e7na","Se77e7to","Se77e7o"
"3owweDt","3owweDti","3owweDti","3owweD","3owwDat","3owwDna","3owwDto","3owwDo"
"sre9t","sre9ti","sre9ti","sre9","sr9at","sr9na","sr9to","sr9o"
"chfert","chferti","chferti","chfer","chfrat","chfrna","chfrto","chfro"
"9owweDt","9owweDti","9owweDti","9owweD","9owwDat","9owwDna","9owwDto","9owwDo"
"3aareDt","3aareDti","3aareDti","3aareD","3aarDat","3aarDna","3aarDto","3aarDo"
"zrebt","zrebti","zrebti","zreb","zrbat","zrbna","zrbto","zrbo"
"nchert","ncherti","ncherti","ncher","nchrat","nchrna","nchrto","nchro"
"mizit","miziti","miziti","miza","mizaat","mizina","mizito","mizao"
"Dowwit","Dowwiti","Dowwiti","Dowwa","Dowwaat","Dowwina","Dowwito","Dowwao"
"tbaT2t","tbaT2ti","tbaT2ti","tbaT2","tbaT2at","tbaT2na","tbaT2to","tbaT2o"
"rfeDt","rfeDti","rfeDti","rfeD","rfDat","rfDna","rfDto","rfDo"
"rkkezt","rkkezti","rkkezti","rkkez","rkkzat","rkkzna","rkkzto","rkkzo"
"Taabe9t","Taabe9ti","Taabe9ti","Taabe9","Taab9at","Taab9na","Taab9to","Taab9o"
"zrrebt","zrrebti","zrrebti","zrreb","zrrbat","zrrbna","zrrbto","zrrbo"
"ghre9t","ghre9ti","ghre9ti","ghre9","ghr9at","ghr9na","ghr9to","ghr9o"
"ntaz3t","ntaz3ti","ntaz3ti","ntaz3","ntaz3at","ntaz3na","ntaz3to","ntaz3o"
"kalmit","kalmiti","kalmiti","kalma","kalmaat","kalmina","kalmito","kalmao"
"7tejjit","7tejjiti","7tejjiti","7tejj","7tejjat","7tejjina","7tejjito","7tejjo"
"waazent","waazenti","waazenti","waazen","waaznat","waaznna","waaznto","waazno"
"tbbett","tbbetti","tbbetti","tbbet","tbbtat","tbbtna","tbbtto","tbbto"
"Towwert","Towwerti","Towwerti","Towwer","Towwrat","Towwrna","Towwrto","Towwro"
"Tredt","Tredti","Tredti","Tred","Trdat","Trdna","Trdto","Trdo"
"tdffe9t","tdffe9ti","tdffe9ti","tdffe9","tdff9at","tdff9na","tdff9to","tdff9o"
"jerrit","jerriti","jerriti","jerr","jerrat","jerrina","jerrito","jerro"
"tTaab9t","tTaab9ti","tTaab9ti","tTaab9","tTaab9at","tTaab9na","tTaab9to","tTaab9o"
"chkkelt","chkkelti","chkkelti","chkkel","chkklat","chkklna","chkklto","chkklo"
"tt3jebt","tt3jebti","tt3jebti","tt3jeb","tt3jbat","tt3jbna","tt3jbto","tt3jbo"
"khffeft","khffefti","khffefti","khffef","khffefat","khffefna","khffefto","khffefo"
"3kest","3kesti","3kesti","3kes","3ksat","3ksna","3ksto","3kso"
"ndamjt","ndamjti","ndamjti","ndamj","ndamjat","ndamjna","ndamjto","ndamjo"
"mattaf9tch","mattaf9tich","mattaf9tich","mattaf9ch","mattaf9atch","mattaf9nach","mattaf9toch","mattaf9ouch"
"7iyyent","7iyyenti","7iyyenti","7iyyen","7iyynat","7iyynna","7iyynto","7iyyno"
"ghiyyert","ghiyyerti","ghiyyerti","ghiyyer","ghiyyrat","ghiyyrna","ghiyyrto","ghiyyro"
"amert","amerti","amerti","amer","amrat","amrna","amrto","amro"
"mtatelt","mtatelti","mtatelti","mtatel","mtatlat","mtatlna","mtatlto","mtatlo"
"stkhrejt","stkhrejti","stkhrejti","stkhrej","stkhrjat","stkhrjna","stkhrjto","stkhrjo"
"3aarDt","3aarDti","3aarDti","3aarD","3aarDat","3aarDna","3aarDto","3aarDo"
"ste2neft","ste2nefti","ste2nefti","ste2nef","ste2nfat","ste2nfna","ste2nfto","ste2nfo"
"tze3lelt","tze3lelti","tze3lelti","tze3lel","tze3llat","tze3llna","tze3llto","tze3llo"
"sllemt","sllemti","sllemti","sllem","sllmat","sllmna","sllmto","sllmo"
"waaj8t","waaj8ti","waaj8ti","waaj8","waaj8at","waaj8na","waaj8to","waaj8o"
"Doublt","Doublti","Doublti","Doubl","Doublat","Doublna","Doublto","Doublo"
"chtamelt","chtamelti","chtamelti","chtamel","chtamlat","chtamlna","chtamlto","chtamlo"
"ch8edt","ch8edti","ch8edti","ch8ed","ch8dat","ch8dna","ch8dto","ch8do"
"ghrest","ghresti","ghresti","ghres","ghrsat","ghrsna","ghrsto","ghrso"
"jzemt","jzemti","jzemti","jzem","jzmat","jzmna","jzmto","jzmo"
"kcheft","kchefti","kchefti","kchef","kchfat","kchfna","kchfto","kchfo"
"3Sert","3Serti","3Serti","3Ser","3Srat","3Srna","3Srto","3Sro"
"bjeght","bjeghti","bjeghti","bjegh","bjghat","bjghna","bjghto","bjgho"
"rbeTt","rbeTti","rbeTti","rbeT","rbTat","rbTna","rbTto","rbTo"
"Derrit","Derriti","Derriti","Derr","Derrat","Derrina","Derrito","Derro"
"2adit","2aditi","2aditi","2aada","2aadat","2adina","2adito","2adao"
"Tlebt","Tlebti","Tlebti","Tleb","Tlbat","Tlbna","Tlbto","Tlbo"
"3aanat","3aanati","3aanati","3aana","3aanaat","3aanana","3aanato","3aanao"
"khddemt","khddemti","khddemti","khddem","khddmat","khddmna","khddmto","khddmo"
"t3awent","t3awenti","t3awenti","t3awen","t3awenat","t3awenna","t3awento","t3aweno"
"sre7t","sre7ti","sre7ti","sre7","sr7at","sr7na","sr7to","sr7o"
"chddedt","chddedti","chddedti","chdded","chddedat","chddedna","chddedto","chddedo"
"3bert","3berti","3berti","3ber","3brat","3brna","3brto","3bro"
"wzent","wzenti","wzenti","wzen","wznat","wznna","wznto","wzno"
"tzaamnt","tzaamnti","tzaamnti","tzaamn","tzaamnat","tzaamnna","tzaamnto","tzaamno"
"7nit","7niti","7niti","7na","7naat","7nina","7nito","7nao"
"nDDemt","nDDemti","nDDemti","nDDem","nDDmat","nDDmna","nDDmto","nDDmo"
"rffe8t","rffe8ti","rffe8ti","rffe8","rff8at","rff8na","rff8to","rff8o"
"twe99e3t","twe99e3ti","twe99e3ti","twe99e3","twe99e3at","twe99e3na","twe99e3to","twe99e3o"
"Sddert","Sdderti","Sdderti","Sdder","Sddrat","Sddrna","Sddrto","Sddro"
"le77it","le77iti","le77iti","le77","le77at","le77ina","le77ito","le77o"
"skhkhent","skhkhenti","skhkhenti","skhkhen","skhkhnat","skhkhnna","skhkhnto","skhkhno"
"dffit","dffiti","dffiti","dffa","dffaat","dffina","dffito","dffao"
"sme7t","sme7ti","sme7ti","sme7","sm7at","sm7na","sm7to","sm7o"
"Tmmert","Tmmerti","Tmmerti","Tmmer","Tmmrat","Tmmrna","Tmmrto","Tmmro"
"khDe3t","khDe3ti","khDe3ti","khDe3","khD3at","khD3na","khD3to","khD3o"
"b8ert","b8erti","b8erti","b8er","b8rat","b8rna","b8erto","b8ro"
"nkhafDt","nkhafDti","nkhafDti","nkhafD","nkhafDat","nkhafDna","nkhafDto","nkhafDo"
"frekt","frekti","frekti","frek","frkat","frkna","frekto","frko"
"wkkelt","wkkelti","wkkelti","wkkel","wkklat","wkklna","wkkelto","wkklo"
"wzze3t","wzze3ti","wzze3ti","wzze3","wzz3at","wzz3na","wzze3to","wzz3o"
"khlleSt","khlleSti","khlleSti","khlleS","khllSat","khllSna","khlleSto","khllSo"
"rjje3t","rjje3ti","rjje3ti","rjje3","rjj3at","rjj3na","rjje3to","rjj3o"
"sta3dt","sta3dti","sta3dti","sta3aad","sta3adat","sta3dna","sta3dto","sta3do"
"9ellelt","9ellelti","9ellelti","9ellel","9ellelat","9ellelna","9ellelto","9ellelo"
"w99eft","w99efti","w99efti","w99ef","w99fat","w99fna","w99efto","w99fo"
"z3ejt","z3ejti","z3ejti","z3ej","z3jat","z3jna","z3ejto","z3jo"
"3eDDit","3eDDiti","3eDDiti","3eDD","3eDDat","3eDDina","3eDDito","3eDDo"
"t9ddemt","t9ddemti","t9ddemti","t9ddem","t9ddmat","t9ddmna","t9ddemto","t9ddmo"
"kerrest","kerresti","kerresti","kerres","kerrsat","kerrsna","kerresto","kerrso"
"stafzzit","stafzziti","stafzziti","stafzz","stafzzat","stafzzina","stafzzito","stafzzo"
"Tem2ent","Tem2enti","Tem2enti","Tem2en","Tem2nat","Tem2nna","Tem2ento","Tem2no"
"t2emmelt","t2emmelti","t2emmelti","t2emmel","t2emmlat","t2emmlna","t2emmelto","t2emmlo"
"7ddert","7dderti","7dderti","7dder","7ddrat","7ddrna","7dderto","7ddro"
"tfa3elt","tfa3elti","tfa3elti","tfa3el","tfa3lat","tfa3lna","tfa3elto","tfa3lo"
"btakert","btakerti","btakerti","btaker","btakrat","btakrna","btakerto","btakro"
"3aan9t","3aan9ti","3aan9ti","3aan9","3aan9at","3aan9na","3aan9to","3aan9o"
"3zzit","3zziti","3zziti","3zza","3zzaat","3zzina","3zzito","3zzao"
"dowwebt","dowwebti","dowwebti","dowweb","dowwbat","dowwbna","dowwebto","dowwbo"
"ttekkat","ttekkati","ttekkati","ttekka","ttekkaat","ttekkana","ttekkato","ttekkao"
"7tarst","7tarsti","7tarsti","7tars","7tarsat","7tarsna","7tarsto","7tarso"
"tchab8t","tchab8ti","tchab8ti","tchab8","tchab8at","tchab8na","tchab8to","tchab8o"
"tjowwejt","tjowwejti","tjowwejti","tjowwej","tjowwejat","tjowwejna","tjowwejto","tjowwejo"
"8rrest","8rresti","8rresti","8rres","8rrsat","8rrsna","8rresto","8rrso"
"9me3t","9me3ti","9me3ti","9me3","9m3at","9m3na","9me3to","9m3o"
"faje2t","faje2ti","faje2ti","faje2","faj2at","faj2na","faje2to","faj2o"
"treddedt","treddedti","treddedti","tredded","treddedat","treddedna","treddedto","treddedo"
"ch7ent","ch7enti","ch7enti","ch7en","ch7nat","ch7nna","ch7ento","ch7no"
"sreTt","sreTti","sreTti","sreT","srTat","srTna","sreTto","srTo"
"Tfit","Tfiti","Tfiti","Tfaa","Tfaaat","Tfina","Tfito","Tfaao"
"t7ekkemt","t7ekkemti","t7ekkemti","t7ekkem","t7ekkmat","t7ekkmna","t7ekkemto","t7ekkmo"
"rde3t","rde3ti","rde3ti","rde3","rd3at","rd3na","rde3to","rd3o"
"9telt","9telti","9telti","9tel","9tlat","9tlna","9telto","9tlo"
"taabrt","taabrti","taabrti","taabr","taabrat","taabrna","taabrto","taabro"
"7eyyit","7eyyiti","7eyyiti","7eyya","7eyyaat","7eyyina","7eyyito","7eyyao"
"dmme3t","dmme3ti","dmme3ti","dmme3","dmm3at","dmm3na","dmme3to","dmm3o"
"Taaredt","Taaredti","Taaredti","Taared","Taaredat","Taaredna","Taaredto","Taaredo"
"fsedt","fsedti","fsedti","fsed","fsdat","fsdna","fsedto","fsdo"
"sTTert","sTTerti","sTTerti","sTTer","sTTrat","sTTrna","sTTerto","sTTro"
"baarkt","baarkti","baarkti","baark","baarkat","baarkna","baarkto","baarko"
"khtar9t","khtar9ti","khtar9ti","khtar9","khtar9at","khtar9na","khtar9to","khtar9o"
"Daa3eft","Daa3efti","Daa3efti","Daa3ef","Daa3efat","Daa3efna","Daa3efto","Daa3efo"
"dmejt","dmejti","dmejti","dmej","dmjat","dmjna","dmejto","dmjo"
"derrebt","derrebti","derrebti","derreb","derrbat","derrbna","derrebto","derrbo"
"jeffit","jeffiti","jeffiti","jeff","jeffat","jeffina","jeffito","jeffo"
"stenzeft","stenzefti","stenzefti","stenzef","stenzefat","stenzefna","stenzefto","stenzefo"
"kfit","kfiti","kfiti","kfa","kfaat","kfina","kfito","kfao"
"t9ddit","t9dditi","t9dditi","t9dda","t9ddaat","t9ddina","t9ddito","t9ddao"
"tsab9t","tsab9ti","tsab9ti","tsab9","tsab9at","tsab9na","tsab9to","tsab9o"
"chrreft","chrrefti","chrrefti","chrref","chrrfat","chrrfna","chrrefto","chrrfo"
"jemmedt","jemmedti","jemmedti","jemmed","jemmdat","jemmdna","jemmedto","jemmdo"
"daawit","daawiti","daawiti","daawa","daawaat","daawina","daawito","daawao"
"3aljt","3aljti","3aljti","3alj","3aljat","3aljna","3aljto","3aljo"
"tbadelt","tbadelti","tbadelti","tbadel","tbadlat","tbadlna","tbadelto","tbadlo"
"Taardt","Taardti","Taardti","Taard","Taardat","Taardna","Taardto","Taardo"
"ste8lekt","ste8lekti","ste8lekti","ste8lek","ste8lkat","ste8lkna","ste8lekto","ste8lko"
"khchit","khchiti","khchiti","khcha","khchaat","khchina","khchito","khchao"
"tsennit","tsenniti","tsenniti","tsenna","tsennaat","tsennina","tsennito","tsennao"
"njarft","njarfti","njarfti","njarf","njarfat","njarfna","njarfto","njarfo"
"steslemt","steslemti","steslemti","steslem","steslemat","steslemna","steslemto","steslemo"
"ziyyert","ziyyerti","ziyyerti","ziyyer","ziyyrat","ziyyrna","ziyyerto","ziyyro"
"9elleSt","9elleSti","9elleSti","9elleS","9ellSat","9ellSna","9elleSto","9ellSo"
"miyyezt","miyyezti","miyyezti","miyyez","miyyzat","miyyzna","miyyezto","miyyzo"
"3lent","3lenti","3lenti","3len","3lnat","3lnna","3lento","3lno"
"Saal7t","Saal7ti","Saal7ti","Saal7","Saal7at","Saal7na","Saal7to","Saal7o"
"tSowwert","tSowwerti","tSowwerti","tSowwer","tSowwrat","tSowwrna","tSowwerto","tSowwro"
"nsse9t","nsse9ti","nsse9ti","nsse9","nss9at","nss9na","nsse9to","nss9o"
"l3ent","l3enti","l3enti","l3en","l3nat","l3nna","l3ento","l3no"
"Teyyebt","Teyyebti","Teyyebti","Teyyeb","Teyybat","Teyybna","Teyyebto","Teyybo"
"Twit","Twiti","Twiti","Twa","Twaat","Twina","Twito","Twao"
"tnazlt","tnazlti","tnazlti","tnazl","tnazlat","tnazlna","tnazlto","tnazlo"
"jddedt","jddedti","jddedti","jdded","jddedat","jddedna","jddedto","jddedo"
"Sght","Sghti","Sghti","Saagh","Saaght","Sghna","Sghto","Sgho"
"khelleTt","khelleTti","khelleTti","khelleT","khellTat","khellTna","khelleTto","khellTo"
"7eddit","7edditi","7edditi","7edd","7eddat","7eddina","7eddito","7eddo"
"mse7t","mse7ti","mse7ti","mse7","ms7at","ms7na","mse7to","ms7o"
"wjjeht","wjjehti","wjjehti","wjjeh","wjjhat","wjjhna","wjjehto","wjjho"
"tsa8elt","tsa8elti","tsa8elti","tsa8el","tsa8lat","tsa8lna","tsa8elto","tsa8lo"
"khffeDt","khffeDti","khffeDti","khffeD","khffDat","khffDna","khffeDto","khffDo"
"7jezt","7jezti","7jezti","7jez","7jzat","7jzna","7jezto","7jzo"
"rezervit","rezerviti","rezerviti","rezerva","rezervaat","rezervina","rezervito","rezervao"
"st9belt","st9belti","st9belti","st9bel","st9blat","st9blna","st9belto","st9blo"
"tTowwert","tTowwerti","tTowwerti","tTowwer","tTowwerat","tTowwerna","tTowwerto","tTowwero"
"r3it","r3iti","r3iti","r3a","r3aat","r3ina","r3ito","r3ao"
"3ggezt","3ggezti","3ggezti","3ggez","3ggzat","3ggzna","3ggezto","3ggzo"
"Towwe9t","Towwe9ti","Towwe9ti","Towwe9","Toww9at","Toww9na","Towwe9to","Toww9o"
"khSSeSt","khSSeSti","khSSeSti","khSSeS","khSSeSat","khSSeSna","khSSeSto","khSSeSo"
"chreft","chrefti","chrefti","chref","chrfat","chrfna","chrefto","chrfo"
"tlachit","tlachiti","tlachiti","tlacha","tlachaat","tlachina","tlachito","tlachao"
"Sle7t","Sle7ti","Sle7ti","Sle7","Sl7at","Sl7na","Sle7to","Sl7o"
"3a9bt","3a9bti","3a9bti","3a9b","3a9bat","3a9bna","3a9bto","3a9bo"
"frg3t","frg3ti","frg3ti","frg3","frg3at","frg3na","frg3to","frg3o"
"st3reDt","st3reDti","st3reDti","st3reD","st3rDat","st3rDna","st3reDto","st3rDo"
"sdt","sdti","sdti","saad","saadt","sdna","sdto","saado"
"n99ezt","n99ezti","n99ezti","n99ez","n99zat","n99zna","n99ezto","n99zo"
"lwit","lwiti","lwiti","lwa","lwaat","lwina","lwito","lwao"
"tfa8emt","tfa8emti","tfa8emti","tfa8em","tfa8mat","tfa8mna","tfa8emto","tfa8mo"
"rbt","rbti","rbti","raab","raabt","rbna","rbto","raabo"
"7mit","7miti","7miti","7ma","7maat","7mina","7mito","7mao"
"mne3t","mne3ti","mne3ti","mne3","mn3at","mn3na","mne3to","mn3o"
"ghowwett","ghowwetti","ghowwetti","ghowwet","ghowwtat","ghowwtna","ghowwetto","ghowwto"
"twa3dt","twa3dti","twa3dti","twa3d","twa3dat","twa3dna","twa3dto","twa3do"
"kre8t","kre8ti","kre8ti","kre8","kr8at","kr8na","kre8to","kr8o"
"mlit","mliti","mliti","mla","mlaat","mlina","mlito","mlao"
"w77edt","w77edti","w77edti","w77ed","w77dat","w77dna","w77edto","w77do"
"stowredt","stowredti","stowredti","stowred","stowrdat","stowrdna","stowredto","stowrdo"
"zda8ert","zda8erti","zda8erti","zda8er","zda8erat","zda8erna","zda8erto","zda8ero"
"nta9edt","nta9edti","nta9edti","nta9ed","nta9edat","nta9edna","nta9edto","nta9edo"
"Tiyyebt","Tiyyebti","Tiyyebti","Tiyyeb","Tiyyebat","Tiyyebna","Tiyyebto","Tiyyebo"
"ghlit","ghliti","ghliti","ghla","ghlat","ghlina","ghlito","ghlaw"
"8rebt","8rebti","8rebti","8reb","8rbat","8rbna","8rebto","8rbo"
"mde7t","mde7ti","mde7ti","mde7","md7at","md7na","mde7to","md7o"
"blaSit","blaSiti","blaSiti","blaSa","blaSaat","blaSina","blaSito","blaSao"
"tbe3t","tbe3ti","tbe3ti","tbe3","tb3at","tb3na","tbe3to","tb3o"
"9aabelt","9aabelti","9aabelti","9aabel","9aablat","9aablna","9aabelto","9aablo"
"cheddedt","cheddedti","cheddedti","chedded","cheddedat","cheddedna","cheddedto","cheddedo"
"lowwent","lowwenti","lowwenti","lowwen","lowwenat","lowwenna","lowwento","lowweno"
"ghaamert","ghaamerti","ghaamerti","ghaamer","ghaamerat","ghaamerna","ghaamerto","ghaamero"
"khemment","khemmenti","khemmenti","khemmen","khemmnat","khemmnna","khemmento","khemmno"
"9eddert","9edderti","9edderti","9edder","9edderat","9edderna","9edderto","9eddero"
"ghadert","ghaderti","ghaderti","ghader","ghaderat","ghaderna","ghaderto","ghadero"
"9aaTe3t","9aaTe3ti","9aaTe3ti","9aaTe3","9aaTe3at","9aaTe3na","9aaTe3to","9aaTe3o"
"mowwe8t","mowwe8ti","mowwe8ti","mowwe8","moww8at","moww8na","mowwe8to","moww8o"
"ntakhebt","ntakhebti","ntakhebti","ntakheb","ntakhebat","ntakhebna","ntakhebto","ntakhebo"
"t7emmelt","t7emmelti","t7emmelti","t7emmel","t7emmelat","t7emmelna","t7emmelto","t7emmelo"
"kbe7t","kbe7ti","kbe7ti","kbe7","kb7at","kb7na","kbe7to","kb7o"
"nmit","nmiti","nmiti","nma","nmaat","nmina","nmito","nmao"
"3awedt","3awedti","3awedti","3awed","3awdat","3awdna","3awedto","3awdo"
"n7arft","n7arfti","n7arfti","n7arf","n7arfat","n7arfna","n7arfto","n7arfo"
"9lit","9liti","9liti","9la","9laat","9lina","9lito","9lao"
"dbt","dbti","dbti","dab","dabt","dbna","dbto","dabo"
"3ddelt","3ddelti","3ddelti","3ddel","3ddlat","3ddlna","3ddelto","3ddlo"
"jmme3t","jmme3ti","jmme3ti","jmme3","jmm3at","jmm3na","jmme3to","jmm3o"
"khrrebt","khrrebti","khrrebti","khrreb","khrrbat","khrrbna","khrrebto","khrrbo"
"srre3t","srre3ti","srre3ti","srre3","srr3at","srr3na","srre3to","srr3o"
"tSowert","tSowerti","tSowerti","tSower","tSowrat","tSowrna","tSowerto","tSowro"
"8enne2t","8enne2ti","8enne2ti","8enne2","8enn2at","8enn2na","8enne2to","8enn2o"
"stareddit","staredditi","staredditi","staredd","stareddat","stareddina","stareddito","stareddo"
"8beTt","8beTti","8beTti","8beT","8bTat","8bTna","8beTto","8bTo"
"wggeft","wggefti","wggefti","wggef","wggfat","wggfna","wggefto","wggfo"
"jrrebt","jrrebti","jrrebti","jrreb","jrrbat","jrrbna","jrrebto","jrrbo"
"khle3t","khle3ti","khle3ti","khle3","khl3at","khl3na","khle3to","khl3o"
"9oulbt","9oulbti","9oulbti","9oulb","9oulbat","9oulbna","9oulbto","9oulbo"
"l8mt","l8mti","l8mti","l8am","l8mat","l8mna","l8mto","l8mo"
"chaafit","chaafiti","chaafiti","chaafa","chaafaat","chaafina","chaafito","chaafao"
"DbeTt","DbeTti","DbeTti","DbeT","DbTat","DbTna","DbeTto","DbTo"
"kemmelt","kemmelti","kemmelti","kemmel","kemmlat","kemmlna","kemmelto","kemmlo"
"khdecht","khdechti","khdechti","khdech","khdchat","khdchna","khdchto","khdcho"
"stelzemt","stelzemti","stelzemti","stelzem","stelzmat","stelzmna","stelzmto","stelzmo"
"nffedt","nffedti","nffedti","nffed","nffdat","nffdna","nffedto","nffdo"
"3demt","3demti","3demti","3dem","3dmat","3dmna","3demto","3dmo"
"wTTedt","wTTedti","wTTedti","wTTed","wTTdat","wTTdna","wTTedto","wTTdo"
"berrert","berrerti","berrerti","berrer","berrerat","berrerna","berrerto","berrero"
"D33eft","D33efti","D33efti","D33ef","D33fat","D33fna","D33efto","D33fo"
"tmechchit","tmechchiti","tmechchiti","tmechcha","tmechchaat","tmechchina","tmechchito","tmechchao"
"wsse3t","wsse3ti","wsse3ti","wsse3","wss3at","wss3na","wsse3to","wss3o"
"drdecht","drdechti","drdechti","drdech","drdechat","drdechna","drdechto","drdecho"
"rkebt","rkebti","rkebti","rkeb","rkbat","rkbna","rkebto","rkbo"
"khtar3t","khtar3ti","khtar3ti","khtar3","khtar3at","khtar3na","khtar3to","khtar3o"
"Sne3t","Sne3ti","Sne3ti","Sne3","Sn3at","Sn3na","Sne3to","Sn3o"
"raaj3t","raaj3ti","raaj3ti","raaj3","raaj3at","raaj3na","raaj3to","raaj3o"
"mSSit","mSSiti","mSSiti","mSS","mSSat","mSSina","mSSito","mSSo"
"Sowwert","Sowwerti","Sowwerti","Sowwer","Sowwrat","Sowwrna","Sowwerto","Sowwro"
"STademt","STademti","STademti","STadem","STadmat","STadmna","STademto","STadmo"
"frchekht","frchekhti","frchekhti","frchekh","frchkhat","frchkhna","frchkhto","frchkho"
"n9elt","n9elti","n9elti","n9el","n9lat","n9lna","n9elto","n9lo"
"3iyyent","3iyyenti","3iyyenti","3iyyen","3iyynat","3iyynna","3iyyento","3iyyno"
"stfsert","stfserti","stfserti","stfser","stfsrat","stfsrna","stfserto","stfsro"
"Syyedt","Syyedti","Syyedti","Syyed","Syydat","Syydna","Syyedto","Syydo"
"dowwert","dowwerti","dowwerti","dowwer","dowwrat","dowwrna","dowwerto","dowwro"
"zyyent","zyyenti","zyyenti","zyyen","zyynat","zyynna","zyyento","zyyno"
"jme3t","jme3ti","jme3ti","jme3","jme3at","jme3na","jme3to","jme3o"
"staghellit","staghelliti","staghelliti","staghell","staghellat","staghellina","staghellito","staghello"
"wrett","wretti","wretti","wret","wrtat","wrtna","wretto","wrto"
"khrbe9t","khrbe9ti","khrbe9ti","khrbe9","khrb9at","khrb9na","khrbe9to","khrb9o"
"khne9t","khne9ti","khne9ti","khne9","khn9at","khn9na","khne9to","khn9o"
"daaf3t","daaf3ti","daaf3ti","daaf3","daaf3at","daaf3na","daaf3to","daaf3o"
"ghmmst","ghmmsti","ghmmsti","ghmmes","ghmmsat","ghmmsna","ghmmesto","ghmmso"
"chtarkt","chtarkti","chtarkti","chtark","chtarkat","chtarkna","chtarkto","chtarko"
"3llemt","3llemti","3llemti","3llem","3llmat","3llmna","3llemto","3llmo"
"Tll9t","Tlle9ti","Tlle9ti","Tlle9","Tll9at","Tll9na","Tlle9to","Tll9o"
"ghzelt","ghzelti","ghzelti","ghzel","ghzlat","ghzlna","ghzelto","ghzlo"
"chowwecht","chowwechti","chowwechti","chowwech","chowwechat","chowwechna","chowwechto","chowwecho"
"tsellelt","tsellelti","tsellelti","tsellel","tsellelat","tsellelna","tsellelto","tsellelo"
"7rreft","7rrefti","7rrefti","7rref","7rrfat","7rrfna","7rrefto","7rrfo"
"mzejt","mzejti","mzejti","mzej","mzjat","mzjna","mzejto","mzjo"
"nsebt","nsebti","nsebti","nseb","nsbat","nsbna","nsebto","nsbo"
"skent","skenti","skenti","sken","sknat","sknna","skento","skno"
"n99eTt","n99eTti","n99eTti","n99eT","n99Tat","n99Tna","n99eTto","n99To"
"rje3t","rje3ti","rje3ti","rje3","rj3at","rj3na","rje3to","rj3o"
"9iyyemt","9iyyemti","9iyyemti","9iyyem","9iyymat","9iyymna","9iyyemto","9iyymo"
"jaazit","jaaziti","jaaziti","jaaza","jaazaat","jaazina","jaazito","jaazao"
"kaf7t","kaf7ti","kaf7ti","kaf7","kaf7at","kaf7na","kaf7to","kaf7o"
"blleght","blleghti","blleghti","bllegh","bllghat","bllghna","bllghto","bllgho"
"tserrebt","tserrebti","tserrebti","tserreb","tserrbat","tserrbna","tserrebto","tserrbo"
"rTTebt","rTTebti","rTTebti","rTTeb","rTTbat","rTTbna","rTTebto","rTTbo"
"chiyyert","chiyyerti","chiyyerti","chiyyer","chiyyrat","chiyyrna","chiyyerto","chiyyro"
"sTokit","sTokiti","sTokiti","sToka","sTokaat","sTokina","sTokito","sTokao"
"wDe3t","wDe3ti","wDe3ti","wDe3","wD3at","wD3na","wDe3to","wD3o"
"nkharTt","nkharTti","nkharTti","nkharT","nkharTat","nkharTna","nkharTto","nkharTo"
"tchbbett","tchbbetti","tchbbetti","tchbbet","tchbbtat","tchbbtna","tchbbetto","tchbbto"
"sted3it","sted3iti","sted3iti","sted3a","sted3aat","sted3ina","sted3ito","sted3ao"
"wgft","wgfti","wgfti","wgf","wgfat","wgfna","wgfto","wgfo"
"khwit","khwiti","khwiti","khwa","khwaat","khwina","khwito","khwao"
"rttebt","rttebti","rttebti","rtteb","rttbat","rttbna","rttebto","rttbo"
"tsme3t","tsme3ti","tsme3ti","tsme3","tsm3at","tsm3na","tsme3to","tsm3o"
"gddit","gdditi","gdditi","gedd","geddat","gddina","gddito","gddo"
"3t9t","3t9ti","3t9ti","3t9","3t9at","3t9na","3t9to","3t9o"
"t98wit","t98witi","t98witi","t98wa","t98wat","t98wina","t98wito","t98waw"
"dwit","dwiti","dwiti","dwa","dwat","dwina","dwito","dwaw"
"9chchert","9chcherti","9chcherti","9chcher","9chchrat","9chchrna","9chcherto","9chchro"
"sta8elt","sta8elti","sta8elti","sta8el","sta8lat","sta8elna","sta8elto","sta8lo"
"tnit","tniti","tniti","tna","tnat","tnina","tnito","tnaw"