"n1","n2","n3","n4","n5","n6","eng"
"kla","","","","","","eat"
"chrb","chreb","","","","","drink"
"dkhel","dkhl","dkhal","d5el","d5l","d5al","enter"
"khrj","khraj","khrej","5rj","5raj","5rej","go out"
"fhem","fhm","fham","f8em","f8m","f8am","understand"
"chr7","chra7","chre7","chrh","chreh","chrah","explain"
"9ra","qra","","","","","learn"
"9rra","9erra","qrra","qerra","","","teach"
"sm3","sme3","sma3","","","","hear"
"chaf","chaaf","","","","","see"
"chm","chemm","chmm","chem","","","smell"
"da9","daq","","","","","taste"
"9as","qas","","","","","touch"
"mcha","","","","","","go"
"ja","","","","","","come"
"tl3","tla3","tle3","","","","ascend"
"nzl","nzel","","","","","go down"
"3am","","","","","","swim"
"ghr9","ghra9","ghre9","","","","drown"
"lbs","lbes","","","","","wear"
"slt","slet","slat","","","","take off"
"chra","","","","","","buy"
"ba3","baa3","","","","","sell"
"ttawa","","","","","","bargain"
"ktb","kteb","","","","","write"
"ms7","msa7","msah","msh","","","clean"
"drab","dreb","","","","","hit"
"tsalm","tsalem","","","","","salute"
"3ya","3ia","","","","","fatigue"
"tskhskh","tsakhsakh","tsa5sa5","ts5s5","tsekhsekh","","exhaust"
"D7k","D7ek","D7ak","","","","laugh"
"ghdb","ghdab","","","","","anger"
"jab","","","","","","bring"
"kan","","","","","","was"
"dar","","","","","dir","do"
"gal","","","","","","say"
"3ndo","3ando","3endo","","","","have"
"chedd","chdd","","","","","get"
"fkkr","fkker","fkkar","","","","think"
"ba","bgha","","","","","want"
"l9a","lqa","","","","","find"
"3Ta","","","","","","give"
"khdm","khdam","khdem","5dem","5dam","","work"
"3yeT","3ayyaT","3eyyeT","","","","call"
"khass","5ass","khess","","","","need"
"7ess","7ass","hass","","","","feel"
"wlla","wella","","","","","become"
"7TT","7aTT","7aT","hatt","","","put"
"3na","","","","","","mean"
"bda","","","","","","begin"
"khss","","","","","","should"
"l9a","lga","lqa","","","","find"
"3jb","3jeb","3jab","","","","like"
"khbr","khber","5br","5ber","","","tell"
"3awn","3awen","aawen","","","","help"
"3t9","3te9","","","","","help"
"wjjd","wjjed","wajjad","","","","prepare"
"2amn","aamn","","","","","believe"
"7awl","7awel","hawel","","","","try"
"jrrb","jarreb","jerreb","","","","try"
"swwl","swwel","sawwel","","","","ask"
"tfkkr","tfekker","tfakkar","","","","remember"
"mcha","","","","","","leave"
"byyen","beyyen","biyyen","","","","show"
"l3b","l3eb","l3ab","","","","play"
"jra","","","","","","run"
"jrra","jerra","jarra","","","","run"
"9ra","qra","","","","","read"
"bda","","","","","","start"
"sala","","","","","","finish"
"9TT3","9aTTe3","qattaa","","","","cut"
"8Dr","8Der","8Dar","hDar","hder","","talk"
"chker","chkar","chkor","","","","thank"
"bddel","bddal","","","","","change"
"kmmel","kmmal","","","","","continue"
"ftarD","","","","","","suppose"
"tmnna","tmenna","","","","","wish"
"tb3","tbe3","tba3","","","","follow"
"9bl","9bel","9bel","","","","accept"
"rfD","rfaD","rfeD","","","","reject"
"w93","w9e3","w9e3","","","","happen"
"gls","gles","glas","","","","sit down"
"rb7","rbe7","rba7","","","","win"
"zad","","","","","","add"
"t3llm","t3allam","t3ellem","","","","learn"
"tsnna","","","","","","wait"
"sifT","SifT","","","","","send"
"ba3","baa3","","","","","sell"
"chra","","","","","","buy"
"7ell","7all","","","","","open"
"bna","","","","","","build"
"khtar","5tar","","","","","choose"
"wSl","wSal","wSel","","","","reach"
"9rrer","9arrar","9arrer","","","","decide"
"nchT","nchaT","ncheT","","","","enjoy"
"tfrrj","itfrrej","tfarraj","","","","watch"
"khsr","khsar","khser","5ser","","","lose"
"tmchcha","tmecha","","","","","walk"
"kbbr","kebber","kabber","","","","raise"
"tkhyyl","tkheyyel","tkhayel","t5ayyal","","","imagine"
"sbbeb","sabbeb","","","","","cause"
"8rrs","harrass","8arres","","","","break"
"sme3","smaa","sma3","","","","listen"
"kbr","kber","","","","","grow"
"mat","","","","","","die"
"twffa","tweffa","toueffa","","","","die"
"zar","zaar","","","","","visit"
"chjje3","chajja3","","","","","encourage"
"7ama","hama","","","","","protect"
"nchr","ncher","nchar","","","","spread"
"9tl","9tal","9tel","qtel","","","kill"
"sag","Sag","Saag","saag","","","drive"
"kdb","kdeb","kdab","","","","lie"
"t9aj7","t9aje7","tqajeh","","","","argue"
"7yyed","7ayyad","7ayyed","","","","remove"
"ddabz","","","","","","fight"
"3mmr","3emmer","3emmar","","","","fill"
"safr","saafr","","","","","travel"
"7Dr","7Dar","7Der","","","","attend"
"9sse7","9ssa7","","","","","hurt"
"3ana","3aana","","","","","suffer"
"zgl","zguel","zgal","","","","miss"
"l9a","","","","","","discover"
"lga","","","","","","discover"
"3bbr","3bber","3bbar","","","","express"
"rkkz","rekkez","rakkaz","","","","concentrate"
"la7","","","","","","throw"
"Sawb","Saweb","","","","","prepare"
"9ra","qra","","","","","study"
"df3","dfe3","dfaa","","","","push"
"wrrk","werrek","","","","","press"
"wSl","wSel","wSal","","","","arrive"
"Sona","Souna","","","","","ring"
"jm3","jme3","jma3","","","","collect"
"8rb","8reb","8rab","hrab","","","escape"
"r77b","r77eb","r77ab","rahhab","","","welcome"
"3wwl","3owwel","3awwel","3wwel","","","rely"
"ta9","taq","","","","","trust"
"3awd","3awed","3awad","aawd","","","repeat"
"khTTeT","khaTTeT","5aTTeT","","","","plan"
"frch","frech","frach","","","","reveal"
"2kkd","2akkad","akked","","","","confirm"
"kr8","kre8","","","","","hate"
"tjwj","tjwwej","tjawwaj","","","","marry"
"9sm","9sam","9sem","","","","split"
"tbnna","tbenna","tbanna","","","","adopt"
"tja8l","tjahl","tja8el","","","","ignore"
"3rrf","3rref","3erref","3arraf","3arref","3arrf","define"
"9ddm","9ddem","","","","","introduce"
"ttrina","trina","","","","","exercise"
"br8n","ber8en","bar8an","bar8en","","","demonstrate"
"9n3","9ne3","9na3","","","","persuade"
"9ll3","9elle3","9alle3","","","","guess"
"Swwt","Sawwt","Sawwat","Sawwet","","","vote"
"nkr","nker","nkar","","","","deny"
"khbba","khebba","khabba","5ebba","","","hide"
"nj7","nje7","nja7","","","","succeed"
"Tlb","Tleb","Tlab","","","","demand"
"3tarf","3taref","aataref","","","","recognize"
"7sb","7seb","hseb","","","","count"
"ntama","intami","","","","ntami","belong"
"chekk","chakk","","","","","doubt"
"ghnna","ghenna","ghanna","","","","sing"
"nwa","","","","","","intent"
"brrer","berrer","barrar","barrer","","","justify"
"daf3","daaf3","","","","","defend"
"z3m","z3em","z3am","","","","dare"
"tsara7","","","","","","rest"
"7km","7kem","7kam","hkem","","","judge"
"chark","chaark","","","","","participate"
"ghsl","ghsel","ghsal","","","","wash"
"la7D","","","","","","observe"
"khddm","khddem","5ddem","","","","employ"
"jm3","jme3","jma3","","","","combine"
"l77","le77","","","","","insist"
"tla7","tlah","","","","","jump"
"Tyyb","Tyyeb","","","","","cook"
"bka","","","","","","cry"
"n3s","n3es","","","","","sleep"
"fa9","faq","","","","","wake up"
"jm3","jme3","jma3","","","","gather"
"nsa7b","nsahab","nsa7ab","nsa7eb","","","withdraw"
"7ll","7ell","7all","","","","resolve"
"khbr","khber","","","","","inform"
"stalzem","","","","","","imply"
"tsllf","tsellef","tsallaf","","","","borrow"
"swwl","sowwel","swwel","","","","question"
"khaTr","5aTer","","","","","risk"
"sm7","sme7","sma7","","","","permit"
"sam7","same7","sameh","","","","forgive"
"9tar7","9tare7","9tara7","","","","propose"
"7tafl","7tafel","7tafal","","","","celebrate"
"Dyy3","Dyye3","Dyya3","","","","waste"
"ghbr","ghber","ghbar","","","","disappear"
"tw993","twe99a3","twe99e3","","","","predict"
"ngr","ngor","nguer","","","","complain"
"9bT","9baT","9beT","qbaT","","","catch"
"gbD","gbeD","gbaD","","","","catch"
"naD","naaD","","","","","get up"
"daz","daaz","","","","","pass"
"7bes","7bas","hbas","hbes","","","stop"
"9yyd","9ayyad","9eyyed","","","","note"
"wllf","wellef","wllaf","wallaf","","","used to"
"khllT","khallaT","khelleT","","","","mix"
"gyyd","gyyed","","","","","mislead"
"7rg","7reg","7rag","","","","burn"
"7r9","7re9","7ra9","","","","burn"
"staghl","staghell","staghall","","","","exploit"
"kma","","","","","","smoke"
"7ddr","7edder","7addar","","","","warn"
"baas","bas","","","","","kiss"
"3ln","3len","3lan","","","","announce"
"khtabr","5taber","khtabar","","","","evaluate"
"tnffs","tneffes","tnaffas","","","","breathe"
"fat","faat","","","","","exceed"
"Saad9","Saade9","","","","","approve"
"7tell","7tall","","","","","occupy"
"7arrar","7errer","7arrer","","","","free"
"btasm","btasem","btassem","btassam","","","smile"
"7fr","7fer","7far","hfer","hfar","","dig"
"7tarm","htarm","7tarem","","","","respect"
"8dded","i8dded","8addad","8added","","","threaten"
"lgha","","","","","","cancel"
"khzn","5zn","khzen","khzan","","","store"
"nDDm","nDDem","naDDam","","","","organize"
"nwwr","nwwer","nwwar","","","","shine"
"7lf","7lef","hlef","","","","swear"
"7lm","7lem","7lam","hlem","","","dream"
"SrT","SreT","SraT","","","","absorb"
"bloka","","","","","","block"
"stab9","stabe9","staba9","","","","anticipate"
"tta8m","tta8em","ttahem","","","","accuse"
"ghwwt","ghwwet","ghowwet","","","","shout"
"2ttr","2atter","2etter","attar","","","affect"
"rttb","rtteb","ratteb","rattab","","","arrange"
"3ta9l","3ta9el","3ta9al","","","","arrest"
"nb7","nba7","nbe7","","","","bark"
"khan","5an","","","","","betray"
"t7aTT","","","","","","bet"
"khtalf","khtalaf","5talef","khtalef","","","differ"
"7tafD","7tafeD","","","","","keep"
"Tar","Taar","","","","","fly"
"ban","","","","","","appear"
"jrr","jarr","jerr","","","","pull"
"df3","dfe3","dfa3","","","","push"
"8zz","hezz","8ezz","","","","lift"
"rj3","rje3","rja3","","","","return"
"Ta7","","","","","","fall"
"3rf","3ref","3raf","","","","know"
"nsa","","","","","","forget"
"wSf","wSef","wSaf","","","","describe"
"trjm","tarjem","terjem","trjam","","","translate"
"w3ed","w3ad","w3d","","","","promise"
"9llb","9elleb","9allab","","","","search"
"7bb","7ebb","","","","","love"
"3ach","3aach","","","","","live"
"skn","sken","skan","","","","live"
"khllS","khalleS","khallaS","","","","pay"
"sdd","sedd","","","","","close"
"w9f","w9ef","w9af","","","","stand up"
"stkhdm","stekhdem","stakhdam","stakhdem","","","use"
"stalm","stalem","","","","","receive"
"fchl","fchel","fchal","","","","fail"
"sbb","sebb","sabb","","","","insult"
"chka","","","","","","complain"
"fD7","fDa7","fDe7","","","","expose"
"3tadr","3tader","3tadar","","","","apologize"
"3nng","3nn9","3nneg","3anna9","","","hug"
"ndm","ndem","","","","","regret"
"t3wwd","t3wwed","t3awwad","t3awwed","","","get used"
"3Tas","3Tes","3Tes","","","","sneeze"
"k7ob","k7eb","","","","","cough"
"2ejjel","ajjal","2ajjal","2jjel","","","postpone"
"t3awn","t3awen","t3aawan","t3awan","","","cooperate"
"tbadl","tbaadel","tbaadl","","","","exchange"
"9aaT3","9aaTe3","9aaTa3","9aT3","","","boycott"
"tTwwe3","TTowe3","taTawwa3","TTowwe3","","","volunteer"
"9oulb","9ouleb","","","","","dupe"
"tjnnb","tjannab","tjenneb","tjanneb","","","avoid"
"8ml","8mel","8mal","","","","neglect"
"tla9a","tlaqa","","","","","meet"
"tjsses","tjassas","","","","","spy"
"nta9m","","","","","","take revenge"
"dfn","dfen","dfan","","","","bury"
"ghlb","ghleb","ghlab","","","","defeat"
"kan","","","","","","be"
"bgha","","","","","","would"
"9der","9dr","","","","","can"
"gdd","guedd","gedd","","","","can"
"imkn","","","","","","may"
"dar","","","","","","make"
"khsso","khesso","","","","","must"
"khda","5da","","","","","take"
"chaf","","","","","","look"
"7TT","7eTT","","","","","set"
"khlla","khella","","","","","let"
"3Ta","","","","","","provide"
"khsso","khesso","","","","","shall"
"ban","","","","","","seem"
"tDmmen","tDemmen","","","","","include"
"t7rrek","t7arrak","","","","","move"
"Dar","Daar","","","","","turn"
"3tabr","3taber","","","","","consider"
"khlla","khella","","","","","allow"
"tmenna","tmnna","","","","","hope"
"ntej","ntj","","","","","produce"
"b9a","","","","","","stay"
"chdd","chedd","","","","","hold"
"to99e3","twe99e3","twe99a3","","","","expect"
"Dmen","Dmn","Dman","","","","ensure"
"8ezz","hezz","","","","","carry"
"3reD","3rD","3raD","","","","offer"
"d3em","d3m","d3am","","","","support"
"hDer","hDr","hDar","8Der","","","speak"
"dwa","","","","","","speak"
"9aad","","","","","","lead"
"b9a","","","","","","remain"
"w9ef","w9af","w9f","","","","stand"
"wgef","wgaf","wgf","","","","stand"
"9tar7","9tare7","","","","","suggest"
"Twwer","Towwer","","","","","develop"
"gles","glas","gls","","","","sit"
"gadd","","","","","","create"
"Sawb","","","","","","create"
"ttaf9","ttafe9","","","","","agree"
"Tbbe9","Tbba9","","","","","apply"
"kowwen","kowwn","kwwn","kwwen","","","form"
"zad","","","","","","increase"
"3bber","","","","","","voice"
"Dyye3","","","","","","spend"
"lta79","","","","","","join"
"n99eS","n99es","n99s","n99S","n99as","","reduce"
"n9ed","n9d","n9ad","","","","save"
"tTelleb","tTallab","tTellab","TTelleb","","","require"
"799e9","h99e9","hqqeq","","","","achieve"
"7bes","","","","","","prevent"
"t3amel","t3aml","t3aamel","","","","deal"
"twaj8","twajh","twajeh","twaje8","","","face"
"ghTTa","gheTTa","","","","","cover"
"Twwer","Towwer","","","","","improve"
"maal","mal","","","","","tend"
"rsem","rsam","","","","","draw"
"t7errek","","","","","","act"
"3zel","3zl","","","","","pick"
"khtar","5tar","khtaar","","","","pick"
"kllef","","","","","","cost"
"swa","","","","","","cost"
"br8en","ber8en","","","","","prove"
"w9e3","w93","w9a3","","","","occur"
"tna9ch","tna9ech","","","","","discuss"
"gabl","gabel","gaabel","gaabl","","","maintain"
"sala","","","","","","end"
"kmmel","kemmel","kammel","kammal","","","end"
"kayn","kayen","","","","","exist"
"9Sed","","","","","","seek"
"9lleb","9elleb","","","","","check"
"nfe3","","","","","","serve"
"9sem","","","","","","share"
"partaja","","","","","","share"
"nche2","nch2","","","","","establish"
"2esses","2assas","asses","","","","establish"
"t7kkem","t7kkm","t7ekkem","t7akkem","","","control"
"jawb","jaweb","","","","","answer"
"7edded","7added","7dded","","","","identify"
"3tana","","","","","","care"
"mkken","mekken","makken","","","","enable"
"Taalb","Taaleb","","","","","claim"
"kseb","ksb","","","","","obtain"
"mttel","mettel","","","","","represent"
"tDemmen","","","","","","contain"
"ghleb","","","","","","beat"
"tchTen","techTen","tchTan","","","","worry"
"t7mmel","t7emmel","","","","","bear"
"sedd","sdd","","","","","shut"
"tsa2el","tsa2l","","","","","wonder"
"naaseb","naasb","","","","","fit"
"t3elle9","t3ll9","","","","","regard"
"7eTT","7TT","","","","","place"
"chmel","","","","","","involve"
"ttaSel","ttaSl","","","","","contact"
"ftarD","ftareD","","","","","assume"
"achaar","","","","","","indicate"
"khdem","khdm","","","","","operate"
"tSerref","","","","","","manage"
"t2e9lem","t2a9lam","t29lm","","","","cope"
"7edded","7dded","","","","","determine"
"3kes","","","","","","reflect"
"achaar","","","","","","refer"
"rbe7","rb7","","","","","gain"
"f7eS","","","","","","examine"
"fDDel","","","","","","prefer"
"3tarf","3taref","","","","","admit"
"redd","rdd","","","","","respond"
"jawb","jaweb","","","","","respond"
"3tamd","3tamed","","","","","depend"
"nja","","","","","","survive"
"la7D","laa7D","","","","","notice"
"ntej","ntj","","","","","result"
"bddel","","","","","","replace"
"kemmel","kmmel","","","","","complete"
"rtaf3","rtafe3","","","","","rise"
"9ddem","9eddem","","","","","present"
"nche2","","","","","","arise"
"achaar","","","","","","point"
"rowwej","","","","","","promote"
"chejje3","chjje3","","","","","promote"
"2edda","2adda","","","","","perform"
"medded","madded","mdded","","","","extend"
"achaar","","","","","","mention"
"khtalef","khtalf","5talf","","","","vary"
"fad","faad","","","","","benefit"
"3aalj","3aalej","","","","","treat"
"3elle9","3lle9","3ll9","","","","hang"
"Tyye7","","","","","","drop"
"bellegh","bllegh","ballagh","","","","report"
"Sbb","Sebb","","","","","cast"
"khtaber","khtabr","","","","","test"
"2emmen","2mmen","","","","","secure"
"Towwel","Towwl","","","","","last"
"waaf9","","","","","","match"
"9dder","9edder","","","","","assess"
"saa8em","sa8em","saa8m","saahem","sahem","","contribute"
"medd","","","","","","supply"
"3len","","","","","","state"
"9dder","9edder","","","","","appreciate"
"rtabeT","rtabT","","","","","relate"
"tghelleb","","","","","","overcome"
"tkhelleS","","","","","","rid"
"7awel","7aawel","7awl","","","","attempt"
"7tafD","","","","","","retain"
"tkellef","","","","","","handle"
"jdeb","","","","","","attract"
"saa3d","sa3d","","","","","assist"
"3awen","3aawen","3awn","","","","assist"
"2etter","2tter","","","","","influence"
"7edded","","","","","","mark"
"fkker","","","","","","recall"
"sina","","","","","","sign"
"khaf","","","","","","fear"
"lSe9","lse9","","","","","stick"
"swwa","","","","","","settle"
"rigl","","","","","","settle"
"9aaren","9aren","","","","","compare"
"7seb","7sb","","","","","account"
"7e99e9","","","","","","investigate"
"n99a","","","","","","clear"
"sjjel","sejjel","","","","","record"
"chjjel","chjjl","","","","","record"
"ktachf","ktachef","","","","","explore"
"laam","lam","","","","","blame"
"3ber","","","","","","cross"
"3a9","","","","","","realize"
"rkkez","rekkez","","","","","focus"
"wSSel","wSSl","","","","","deliver"
"chre3","","","","","","proceed"
"z3ej","","","","","","bother"
"brzeT","berzeT","","","","","bother"
"rfeD","rfaD","","","","","refuse"
"freD","fraD","","","","","force"
"3ta9ed","3ta9d","","","","","reckon"
"ban","","","","","","emerge"
"3zem","","","","","","intend"
"nSe7","nS7","","","","","advise"
"ktaseb","ktasb","","","","","acquire"
"strje3","sterje3","","","","","recover"
"nche2","","","","","","generate"
"tmiyyez","","","","","","distinguish"
"chtabe8","chtab8","","","","","suspect"
"kseb","ksb","","","","","earn"
"mowwel","","","","","","finance"
"8dem","8dm","","","","","destroy"
"tbe3","tb3","","","","","pursue"
"3elle9","","","","","","comment"
"rDa","","","","","","satisfy"
"tnafs","tnaafs","tnafes","","","","compete"
"9aawem","9aawm","9awm","","","","resist"
"laa2em","la2em","","","","","suit"
"khaaTeb","","","","","","address"
"7ell","","","","","","solve"
"bddel","","","","","","alter"
"freD","frD","","","","","impose"
"3reD","","","","","","display"
"naachd","","","","","","appeal"
"Tle9","","","","","","release"
"frez","","","","","","sort"
"rtteb","retteb","","","","","sort"
"khtar","","","","","","select"
"3ber","","","","","","measure"
"wSSa","weSSa","","","","","recommend"
"Tleb","","","","","","order"
"2amer","","","","","","order"
"n9el","","","","","","transfer"
"8jem","hjem","","","","","attack"
"twesse3","ttosse3","","","","","expand"
"tkerkeb","tkrkb","","","","","roll"
"nfajer","nfajr","","","","","burst"
"t3e88ed","","","","","","undertake"
"tsara7","","","","","","relax"
"tSerref","","","","","","behave"
"dkker","","","","","","remind"
"fekker","fkker","","","","","remind"
"raaj3","","","","","","review"
"n8ej","","","","","","approach"
"rejje3","rjje3","","","","","restore"
"Sder","","","","","","issue"
"Sag","","","","","","ride"
"chkkel","chekkel","","","","","constitute"
"gleb","","","","","","switch"
"derreb","drreb","","","","","train"
"stetmer","","","","","","invest"
"khTa","","","","","","step"
"7edd","","","","","","limit"
"weDDe7","","","","","","illustrate"
"mlek","","","","","","own"
"3aalj","3alj","3alej","","","","tackle"
"t7edda","","","","","","challenge"
"chaf","","","","","","view"
"mlek","","","","","","possess"
"7aawer","7awr","7awer","","","","communicate"
"tselle9","tsll9","","","","","climb"
"fSel","","","","","","separate"
"7aafD","","","","","","preserve"
"nffed","neffed","","","","","implement"
"7wwel","7owwel","","","","","shift"
"a9arr","","","","","","acknowledge"
"stentej","stntj","","","","","conclude"
"tira","","","","","","shoot"
"mtatel","mtatl","","","","","comply"
"7essen","","","","","","enhance"
"ra9b","raa9b","","","","","monitor"
"gabl","gaabl","gabel","gaabel","","","monitor"
"chra","","","","","","purchase"
"charja","","","","","","charge"
"b7et","","","","","","research"
"bgha","","","","","","aim"
"stow3eb","sto3eb","sto3b","","","","accommodate"
"chTe7","chT7","","","","","dance"
"fa9","","","","","","wake"
"Slla","Sella","","","","","pray"
"dowwer","","","","","","telephone"
"marka","","","","","","score"
"zle9","zl9","","","","","slip"
"rtakb","rtakeb","","","","","commit"
"kchef","","","","","","detect"
"steb3ed","stb3ed","steb3ad","","","","exclude"
"3der","","","","","","excuse"
"fsser","","","","","","interpret"
"ncher","","","","","","publish"
"laa9a","la9a","","","","","link"
"tfawD","","","","","","negotiate"
"7ellel","","","","","","analyze"
"smma","semma","","","","","name"
"mtedd","","","","","","stretch"
"t9elle9","t9lle9","t9alle9","","","","upset"
"2e88el","","","","","","qualify"
"khsser","khesser","5esser","","","","damage"
"Tle9","","","","","","launch"
"bda","","","","","","launch"
"Sbegh","Sbgh","Sbagh","","","","paint"
"7edded","","","","","","specify"
"mne7","","","","","","grant"
"sellef","","","","","","lend"
"bna","","","","","","construct"
"tfa3l","tfaa3l","tfa3el","","","","react"
"sta7e99","sta799","","","","","deserve"
"sta8el","stahel","stahal","sta8al","","","deserve"
"tre22es","tr22s","tre22s","tr22es","","","head"
"wjje8","","","","","","direct"
"8beT","","","","","","land"
"9aad","","","","","","conduct"
"tkebbed","","","","","","sustain"
"sifT","","","","","","submit"
"tkowwen","","","","","","consist"
"3Sef","","","","","","blow"
"rched","","","","","","guide"
"9ne3","","","","","","convince"
"maars","mares","maares","","","","practice"
"9wwa","","","","","","strengthen"
"do99","d99","","","","","knock"
"3reD","","","","","","invite"
"tkhella","tkhlla","","","","","abandon"
"jaweb","","","","","","reply"
"7errek","7rrek","7rrk","","","","shake"
"Sle7","","","","","","fix"
"tDaa8er","","","","","","pretend"
"chawer","","","","","","consult"
"9sem","","","","","","divide"
"nkhareT","nkharT","","","","","engage"
"7e99e9","","","","","","fulfill"
"7kem","","","","","","rule"
"3aalj","3alj","3aalej","","","","process"
"jab","","","","","","fetch"
"n9el","","","","","","convey"
"dfe3","","","","","","thrust"
"jessed","jssd","jssed","","","","incorporate"
"7Ser","","","","","","restrict"
"steb3ed","stb3ed","","","","","eliminate"
"zowwel","zwwel","","","","","eliminate"
"lgha","","","","","","eliminate"
"7owwel","7wwel","","","","","convert"
"t9a3d","t9a3ed","","","","","retire"
"DbeT","","","","","","adjust"
"3ddel","","","","","","adjust"
"s88el","","","","","","ease"
"kobb","","","","","","pour"
"Sebb","","","","","","pour"
"nsej","","","","","","knit"
"d3em","","","","","","back"
"Trassa","","","","","","trace"
"sejjel","sjjel","","","","","register"
"7seb","7sb","hseb","hsb","","","calculate"
"7ffez","7affez","7effez","","","","stimulate"
"Tbe3","","","","","","print"
"imprima","","","","","","print"
"twetter","totter","twatter","","","","stress"
"3yyen","3iyyen","","","","","appoint"
"tdkhkhel","tdekhel","tdkhl","tdekhkhel","tde55el","td55l","interfere"
"3tarD","3tareD","","","","","object"
"9wwa","9owwa","","","","","boost"
"dfe3","","","","","","boost"
"ysser","yesser","","","","","facilitate"
"s88el","se88el","sehhel","","","","facilitate"
"7taj","","","","","","lack"
"7bes","","","","","","cease"
"nffed","neffed","","","","","enforce"
"t2e9lem","t2a9lam","t29lm","t2e9lm","","","adapt"
"3god","3gd","3ged","3gued","","","tie"
"9tabs","","","","","","quote"
"syTer","siyTer","syTr","","","","dominate"
"frg3","ferge3","","","","","pop"
"3jeb","","","","","","please"
"Semmem","Sammem","Smmem","","","","design"
"tdkhkhel","tdekhel","tdkhl","tdekhkhel","tde55el","td55l","intervene"
"Tlle3","Tll3","Telle3","","","","yield"
"sta9al","sta9aal","","","","","resign"
"t8ejja","","","","","","spell"
"7errek","7rrk","7rrek","","","","stir"
"khSSeS","kheSSeS","","","","","spare"
"9dder","9edder","","","","","estimate"
"Dreb","Drb","","","","","kick"
"rkel","rkl","","","","","kick"
"3dded","3edded","","","","","list"
"lbes","lbs","","","","","dress"
"3len","3ln","","","","","declare"
"diklara","","","","","","declare"
"2ekked","2kked","akked","","","","assure"
"stamdd","","","","","","derive"
"dkhel","","","","","","access"
"2ejjel","2jjel","ajjel","","","","delay"
"wDDe7","weDDe7","wDD7","","","","clarify"
"n9el","n9l","n9ol","","","","copy"
"nsekh","nskh","nse5","","","","copy"
"fDDel","fDDl","","","","","favor"
"medd","mdd","","","","","hand"
"9beT","9bT","9baT","","","","capture"
"3zzez","","","","","","reinforce"
"7owwel","7wwl","7wwel","","","","transform"
"fhem","f8em","","","","","perceive"
"khdem","","","","","","function"
"ghaader","ghadr","ghader","","","","quit"
"raaf9","raafe9","raf9","","","","accompany"
"mowwel","mmwel","mwwl","","","","fund"
"jme3","","","","","","pack"
"S77e7","Se77e7","","","","","correct"
"ab7ar","","","","","","sail"
"3owweD","","","","","","compensate"
"sre9","sr9","sra9","","","","steal"
"chfer","chfr","chfar","","","","steal"
"9owweD","","","","","","undermine"
"mtedd","","","","","","range"
"3aareD","3arD","3aarD","","","","oppose"
"7edded","","","","","","locate"
"zreb","zrb","zrab","","","","hurry"
"ncher","nchr","","","","","broadcast"
"9aaDaa","","","","","","sue"
"miza","","","","","","bid"
"Dowwa","Dwwa","","","","","light"
"tbaT2","tbaaTe2","tbaaT2","","","","slow"
"8emm","","","","","","concern"
"rfeD","","","","","","dismiss"
"rkkez","","","","","","highlight"
"Sle7","","","","","","repair"
"Taabe9","Taab9","Tab9","","","","conform"
"rbeT","","","","","","attach"
"zrreb","zrrb","","","","","rush"
"ghre9","","","","","","sink"
"ntaz3","","","","","","grab"
"kalma","","","","","","calm"
"7tejj","7tjj","","","","","protest"
"waazen","wazn","waazn","","","","balance"
"Tleb","","","","","","beg"
"tbbet","tebbet","","","","","install"
"Towwer","","","","","","advance"
"Tred","","","","","","fire"
"3awn","3aawn","3aawen","3awen","","","aid"
"tdffe9","","","","","","flow"
"jerr","jrr","","","","","drag"
"tTaab9","tTab9","","","","","correspond"
"chkkel","","","","","","pose"
"tt3jeb","","","","","","admire"
"khffef","","","","","","relieve"
"3kes","","","","","","reverse"
"ddabz","","","","","","combat"
"ndamj","ndamej","","","","","integrate"
"mattaf9ch","","","","","","disagree"
"ttaSel","","","","","","connect"
"7iyyen","","","","","","update"
"ghiyyer","","","","","","modify"
"khtar","","","","","","opt"
"amer","2amer","","","","","command"
"mtatel","mtatl","","","","","obey"
"stkhrej","stekhrej","stakhrej","stakhraj","","","extract"
"3aarD","","","","","","counter"
"ste2nef","st2nf","sta2nef","","","","resume"
"chedd","","","","","","grasp"
"stow3eb","stou3eb","sto3eb","stou3b","stow3b","","grasp"
"tze3lel","tz3lel","","","","","swing"
"sllem","sellem","","","","","render"
"zreb","","","","","","speed"
"waaj8","wajh","waajh","waj8","","","confront"
"mne3","","","","","","ban"
"mse7","","","","","","wipe"
"Doubl","Dobl","Double","","","","double"
"chtamel","chtaml","","","","","comprise"
"ch8ed","","","","","","witness"
"ghres","","","","","","plant"
"jzem","","","","","","assert"
"kchef","","","","","","disclose"
"3Ser","3Sr","","","","","squeeze"
"bjegh","bjgh","bjagh","","","","squeeze"
"rbeT","","","","","","bind"
"Derr","","","","","","harm"
"2aada","aada","ada","","","","harm"
"tla9a","","","","","","encounter"
"Tleb","","","","","","request"
"3aana","","","","","","struggle"
"khddem","","","","","","hire"
"khbba","khebba","","","","","conceal"
"khddem","","","","","","recruit"
"t3awen","t3awn","","","","","co-operate"
"sre7","","","","","","wander"
"chdded","chedded","","","","","emphasize"
"3ber","","","","","","weigh"
"wzen","","","","","","weigh"
"tzaamn","tzamn","tzamen","tzaamen","","","coincide"
"7na","","","","","","bend"
"tna","","","","","","bend"
"nDDem","","","","","","regulate"
"n9ed","","","","","","rescue"
"rffe8","","","","","","entertain"
"twe99e3","","","","","","forecast"
"f7eS","","","","","","inspect"
"Sdder","","","","","","export"
"le77","","","","","","urge"
"stentej","","","","","","induce"
"sedd","","","","","","lock"
"3reD","","","","","","exhibit"
"skhkhen","skhen","s55en","","","","warm"
"dffa","deffa","","","","","warm"
"3tarf","","","","","","confess"
"sme7","","","","","","tolerate"
"Tmmer","","","","","","tolerate"
"tselle9","","","","","","mount"
"mse7","","","","","","brush"
"ntej","","","","","","reproduce"
"khDe3","","","","","","undergo"
"b8er","","","","","","impress"
"nkhafD","","","","","","decline"
"frek","","","","","","rub"
"wkkel","","","","","","cater"
"dar","","","","","","tour"
"wzze3","","","","","","distribute"
"7ess","","","","","","sense"
"khlleS","","","","","","repay"
"rjje3","","","","","","regain"
"sta3aad","","","","","","regain"
"9ellel","","","","","","minimize"
"w99ef","","","","","","halt"
"chkkel","","","","","","shape"
"z3ej","","","","","","disturb"
"3eDD","3aDD","3DD","","","","bite"
"t9ddem","","","","","","progress"
"kerres","karres","krrs","","","","devote"
"stafzz","stafezz","","","","","provoke"
"Tem2en","","","","","","reassure"
"t2emmel","","","","","","contemplate"
"7dder","","","","","","alert"
"tfa3el","tfa3l","","","","","interact"
"skhkhen","skhen","","","","","heat"
"btaker","","","","","","devise"
"7kem","","","","","","govern"
"3aan9","3an9","","","","","embrace"
"3zza","","","","","","comfort"
"7jez","","","","","","seize"
"dowweb","","","","","","melt"
"zad","","","","","","supplement"
"ttekka","","","","","","lean"
"Tbbe9","","","","","","exert"
"7tars","7tares","","","","","beware"
"tchab8","tchaab8","tchabh","tchabeh","tchabe8","","resemble"
"mne3","","","","","","abolish"
"tjowwej","tjwwj","tjowej","tzowej","tzwwj","","wed"
"8rres","","","","","","crack"
"9me3","","","","","","suppress"
"gabl","","","","","","guard"
"faje2","faaj2","faj2","faaje2","","","surprise"
"tredded","","","","","","hesitate"
"ch7en","","","","","","load"
"sreT","","","","","","swallow"
"bda","","","","","","initiate"
"Tfaa","","","","","","float"
"2etter","","","","","","effect"
"t7ekkem","","","","","","manipulate"
"rde3","","","","","","deter"
"rtabeT","","","","","","associate"
"adaar","","","","","","administer"
"9tel","","","","","","murder"
"taabr","","","","","","persist"
"7eyya","","","","","","greet"
"dmme3","","","","","","tear"
"Taared","","","","","","hunt"
"fsed","","","","","","spoil"
"sTTer","","","","","","line"
"baark","","","","","","bless"
"khtar9","","","","","","penetrate"
"Daa3ef","","","","","","multiply"
"dmej","","","","","","merge"
"derreb","","","","","","coach"
"jeff","jffef","","","","","drain"
"stenzef","stnzef","","","","","drain"
"kfa","","","","","","suffice"
"ftarD","","","","","","presume"
"Syyed","","","","","","fish"
"t9dda","","","","","","shop"
"tsab9","","","","","","race"
"chrref","","","","","","honor"
"jemmed","","","","","","freeze"
"daawa","","","","","","cure"
"3alj","","","","","","cure"
"tbadel","","","","","","swap"
"t7emmel","","","","","","endure"
"Taard","","","","","","chase"
"ste8lek","","","","","","consume"
"khcha","","","","","","insert"
"tsenna","","","","","","await"
"njarf","","","","","","drift"
"bddel","","","","","","substitute"
"steslem","","","","","","surrender"
"ziyyer","","","","","","wind"
"9elleS","","","","","","contract"
"miyyez","","","","","","differentiate"
"3len","","","","","","advertise"
"Saal7","","","","","","reconcile"
"tSowwer","","","","","","project"
"nsse9","","","","","","co-ordinate"
"frg3","","","","","","snap"
"l3en","","","","","","damn"
"Teyyeb","","","","","","bake"
"Twa","","","","","","fold"
"tnazl","","","","","","concede"
"jdded","","","","","","renew"
"Saagh","","","","","","formulate"
"khelleT","","","","","","confuse"
"7edd","","","","","","maximize"
"mse7","","","","","","sweep"
"wjjeh","","","","","","steer"
"rkkez","","","","","","base"
"tsa8el","","","","","","indulge"
"khffeD","","","","","","decrease"
"7jez","","","","","","reserve"
"rezerva","","","","","","reserve"
"st9bel","","","","","","host"
"tTowwer","","","","","","evolve"
"r3a","","","","","","foster"
"3ggez","","","","","","discourage"
"Towwe9","","","","","","curb"
"khSSeS","","","","","","allocate"
"chref","","","","","","supervise"
"tlacha","","","","","","fade"
"d3em","","","","","","endorse"
"adaan","","","","","","condemn"
"7jez","","","","","","book"
"Sle7","","","","","","reform"
"kmmel","","","","","","complement"
"3a9b","","","","","","punish"
"frg3","","","","","","bang"
"st3reD","","","","","","outline"
"9ellel","","","","","","diminish"
"saad","","","","","","prevail"
"n99ez","","","","","","leap"
"lwa","","","","","","wrap"
"tfa8em","","","","","","compromise"
"n8aar","","","","","","collapse"
"raab","","","","","","collapse"
"7ma","","","","","","safeguard"
"mne3","","","","","","inhibit"
"ghowwet","","","","","","scream"
"twa3d","","","","","","date"
"mse7","","","","","","delete"
"799e9","","","","","","attain"
"kre8","","","","","","dislike"
"tSowwer","","","","","","conceive"
"mla","","","","","","dictate"
"w77ed","","","","","","unite"
"stowred","","","","","","import"
"bna","","","","","","rebuild"
"zda8er","","","","","","flourish"
"nta9ed","","","","","","criticize"
"Tiyyeb","","","","","","boil"
"ghla","","","","","","boil"
"8reb","","","","","","flee"
"bda","","","","","","commence"
"mde7","","","","","","praise"
"blaSa","","","","","","park"
"miyyez","","","","","","discriminate"
"tbe3","","","","","","track"
"Towwe9","","","","","","enclose"
"9aabel","","","","","","interview"
"chedded","","","","","","tighten"
"lowwen","","","","","","color"
"ghaamer","","","","","","venture"
"khemmen","","","","","","speculate"
"9edder","","","","","","speculate"
"ghader","","","","","","depart"
"9aaTe3","","","","","","interrupt"
"mowwe8","","","","","","disguise"
"ntakheb","","","","","","elect"
"t7emmel","","","","","","withstand"
"kbe7","","","","","","restrain"
"nma","","","","","","thrive"
"3awed","","","","","","echo"
"n7arf","","","","","","divert"
"9la","","","","","","fry"
"dab","","","","","","dissolve"
"3ddel","","","","","","edit"
"jmme3","","","","","","assemble"
"khrreb","","","","","","ruin"
"srre3","","","","","","accelerate"
"tSower","","","","","","envisage"
"8enne2","","","","","","congratulate"
"staredd","","","","","","retrieve"
"8beT","","","","","","descend"
"wggef","","","","","","suspend"
"jerreb","jrreb","jrrb","jerrab","","","experiment"
"khle3","","","","","","frighten"
"9oulb","","","","","","fool"
"al8am","","","","","","inspire"
"chaafa","","","","","","heal"
"DbeT","","","","","","master"
"kemmel","","","","","","terminate"
"3ddel","","","","","","amend"
"khdech","","","","","","scratch"
"stelzem","","","","","","entail"
"nffed","","","","","","execute"
"3dem","","","","","","execute"
"wTTed","","","","","","consolidate"
"dowwer","","","","","","round"
"3zel","","","","","","isolate"
"berrer","","","","","","warrant"
"D33ef","","","","","","weaken"
"tmechcha","","","","","","march"
"bgha","","","","","","desire"
"wsse3","","","","","","widen"
"drdech","","","","","","chat"
"rkeb","","","","","","board"
"khtar3","","","","","","invent"
"Sne3","","","","","","manufacture"
"sedd","","","","","","seal"
"raaj3","","","","","","reconsider"
"mSS","","","","","","suck"
"Sowwer","","","","","","picture"
"STadem","","","","","","crash"
"frchekh","","","","","","crash"
"n9el","","","","","","transport"
"bloka","","","","","","plug"
"3iyyen","","","","","","assign"
"stfser","","","","","","inquire"
"Syyed","","","","","","trap"
"dowwer","","","","","","surround"
"tna9ch","","","","","","debate"
"Towwer","","","","","","upgrade"
"zyyen","","","","","","decorate"
"jme3","","","","","","accumulate"
"staghell","","","","","","profit"
"wret","","","","","","inherit"
"khrbe9","","","","","","disrupt"
"khne9","","","","","","choke"
"daaf3","","","","","","plead"
"ghmmes","","","","","","dip"
"chtark","","","","","","subscribe"
"3llem","","","","","","educate"
"Tlle9","","","","","","divorce"
"ghzel","","","","","","spin"
"chowwech","","","","","","obscure"
"tsellel","","","","","","creep"
"7rref","","","","","","twist"
"mzej","","","","","","blend"
"raaj3","","","","","","revise"
"nseb","","","","","","attribute"
"nfajer","","","","","","explode"
"sken","","","","","","dwell"
"khffef","","","","","","alleviate"
"3alj","","","","","","remedy"
"rched","","","","","","instruct"
"tserreb","","","","","","spill"
"f8em","","","","","","comprehend"
"rTTeb","","","","","","soften"
"chiyyer","","","","","","wave"
"sToka","stoka","","","","","stock"
"wDe3","","","","","","position"
"2emmen","","","","","","insure"
"nkharT","","","","","","adhere"
"tchbbet","","","","","","cling"
"sted3a","","","","","","summon"
"wgf","","","","","","pause"
"w9ef","","","","","","pause"
"khwa","","","","","","empty"
"rtteb","","","","","","classify"
"t7emmel","","","","","","afford"
"tsme3","","","","","","sound"
"n99eT","","","","","","grade"
"rje3","","","","","","revert"
"9iyyem","","","","","","value"
"jaaza","","","","","","award"
"kaf7","","","","","","strive"
"bllegh","","","","","","notify"
"Tfa","","","","","","turn off"
"ryye7","riye7","ryy7","","","","sit down"
"ghech","ghechch","ghch","ghach","","","cheat"
"9chcher","9cher","qcher","qchcher","9chchar","","peel"
