name,
"aala",
"aalaa",
"aamir",
"abbas",
"abdelah",
"abdelali",
"abdelaziz",
"abdelbaqi",
"abdelbari",
"abdelbassir",
"abdelbassit",
"abdelfattah",
"abdelghafour",
"abdelghani",
"abdelhafid",
"abdelhakim",
"abdelhalim",
"abdelhamid",
"abdelhaq",
"abdelilah",
"abdeljalil",
"abdeljamil",
"abdeljebbar",
"abdelkarim",
"abdelkhaleq",
"abdelkhaleq",
"abdellah",
"abdellatif",
"abdelmajid",
"abdelmalik",
"abdelmohaim",
"abdelmoula",
"abdelmounaim",
"abdenbi",
"abderahman",
"abderrahim",
"abdessalam",
"abdessamad",
"abdilah",
"achraf",
"adam",
"adil",
"adnan",
"ahmad",
"ahmed",
"aimad",
"aissam",
"ali",
"amine",
"amjad",
"anas",
"anis",
"anwar",
"aymane",
"aymen",
"ayoub",
"azeddine",
"aziz",
"bachir",
"bader",
"badr",
"badreddine",
"barae",
"bilal",
"boubkar",
"boubker",
"brahim",
"chakib",
"charaf",
"charafeddine",
"chihab",
"choaib",
"chouaib",
"choukri",
"driss",
"el bachir",
"el mahdi",
"el mamoun",
"faissal",
"fahd",
"faouzi",
"farid",
"farouk",
"fouad",
"fouzi",
"ghani",
"ghassan",
"hafid",
"hamid",
"hamza",
"hassan",
"hatim",
"hicham",
"houssam",
"ibrahim",
"idder",
"idriss",
"ihsan",
"ilyass",
"imran",
"ismail",
"issam",
"jad",
"jamal",
"jaouad",
"jawad",
"jihad",
"kafil",
"kamal",
"karim",
"khaled",
"khalid",
"khalil",
"latif",
"lhoucine",
"mahdi",
"majd",
"mamoun",
"mansour",
"maati",
"mehdi",
"mhand",
"mimoun",
"mjid",
"mohamed",
"mohammad",
"mohammed",
"mohammed amine",
"mohcine",
"moncef",
"mouad",
"mounaim",
"mouncef",
"mounir",
"mustapha",
"nabil",
"nadim",
"nassim",
"nawras",
"nawfal",
"nidal",
"nizar",
"nowres",
"noureddine",
"omar",
"osman",
"othman",
"otman",
"ouail",
"oussama",
"outmane",
"qassem",
"rachid",
"rafiq",
"rahim",
"rayan",
"reda",
"saad",
"safouane",
"safwane",
"said",
"salah",
"salah eddine",
"salim",
"salmane",
"sami",
"samir",
"sifeddine",
"simo",
"sahaib",
"sohayb",
"soufiane",
"souhaib",
"souhail",
"soulaiman",
"soulaimane",
"soulaymane",
"sulaiman",
"taha",
"taoufik",
"taoufiq",
"tariq",
"toufiq",
"wael",
"walid",
"wassim",
"yanis",
"wissam",
"yahya",
"yasser",
"yassir",
"yedder",
"youness",
"youssef",
"zakaria",
"zoubair",
"zouhair",